date	AFG	ALB	DZA	AGO	ATG	ARG	ARM	AUS	AUT	AZE	BHS	BHR	BGD	BRB	BLR	BEL	BLZ	BEN	BTN	BOL	BIH	BWA	BRA	BRN	BGR	BFA	BDI	CPV	KHM	CMR	CAN	CAF	TCD	CHL	CHN	COL	COM	COD	COG	CRI	CIV	HRV	CYP	CZE	DNK	DJI	DMA	DOM	ECU	EGY	SLV	GNQ	ERI	EST	ETH	FJI	FIN	FRA	GAB	GMB	GEO	DEU	GHA	GRC	GRD	GTM	GIN	GNB	GUY	HTI	HND	HKG	HUN	ISL	IND	IDN	IRN	IRQ	IRL	ISR	ITA	JAM	JPN	JOR	KAZ	KEN	KIR	KOR	KWT	KGZ	LAO	LVA	LBN	LSO	LBR	LBY	LTU	LUX	MKD	MDG	MWI	MYS	MDV	MLI	MLT	MHL	MRT	MUS	MEX	FSM	MDA	MNG	MNE	MAR	MOZ	MMR	NAM	NPL	NLD	NZL	NIC	NER	NGA	NOR	OMN	PAK	PLW	PAN	PNG	PRY	PER	PHL	POL	PRT	QAT	ROU	RUS	RWA	WSM	SMR	STP	SAU	SEN	SRB	SYC	SLE	SGP	SVK	SVN	SLB	ZAF	SSD	ESP	LKA	KNA	LCA	VCT	SDN	SUR	SWZ	SWE	CHE	SYR	TWN	TJK	TZA	THA	TLS	TGO	TON	TTO	TUN	TUR	TKM	TUV	UGA	UKR	ARE	GBR	USA	URY	UZB	VUT	VEN	VNM	YEM	ZMB	ZWE	WLD
1/1/1992		3.11	26.271	12.725	0.062	33.42	3.45	17.557	7.799	7.459	0.264	0.516	112.431	0.25	10.217	10.022	0.199	5.378	0.528	6.789		1.465	151.547	0.267	8.553	9.297	5.78	0.371	8.434	12.412	28.324	3.051	5.922	13.665	1171.71	35.53	0.457	42.39	2.371	3.191	12.157	4.73	0.621		5.162	0.512	0.071	7.375	10.912	53.508	5.51	0.4	3.427		50.096	0.744	5.029	57.111	0.99	0.98		80.975	15.046	10.35	0.097	9.334	6.734	1.059	0.739	7.376	5.181	5.929	10.374	0.26	881.875	185.378	61.56		3.555	5.124	56.773	2.399	124.392	3.844	17.048	23.37	0.074	43.748	1.42	4.43	4.498	2.677	2.822	1.689		4.46		0.392	1.933	12.264	10.4	19.068	0.228	8.323	0.36		2.108	1.084	90.137		4.4	2.161		24.999	14.35		1.455	19.051	15.184	3.552		8.035	95.725	4.299	1.979	114.075		2.581	4.181	4.461	22.597	63.82	38.386	9.974	0.49	23.333	148.6	6.656			0.121	16.948	7.991		0.071	4.032	3.231		2	0.33	38.65		39.069	16.631	0.042	0.138	0.106	27.32	0.419	0.908	8.692	6.843	13.484	20.803	5.536	26.337	57.789		3.823	0.096	1.237	8.49	54.547	3.861		18.8	51.87	2.011	57.585	256.777	3.131	21.36	0.154	20.347	68.45	13.289	8.134	10.41	5249.613
1/1/1993		3.095	26.894	13.107	0.063	33.917	3.37	17.719	7.883	7.487	0.269	0.53	114.898	0.25	10.24	10.068	0.205	5.582	0.519	6.983		1.506	153.986	0.274	8.463	9.552	5.77	0.38	8.697	12.787	28.651	3.125	6.064	13.908	1185.17	36.208	0.466	43.789	2.443	3.275	13.358	4.624	0.636		5.181	0.526	0.071	7.511	11.15	54.615	5.6	0.413	3.422	1.511	51.812	0.755	5.055	57.369	1.014	1.037		81.338	15.431	10.462	0.098	9.554	7.136	1.081	0.747	7.528	5.32	6.04	10.365	0.262	901	188.452	61		3.574	5.259	56.821	2.419	124.799	3.993	16.9	24.066	0.075	44.195	1.46	4.505	4.626	2.669	2.901	1.73		4.56		0.398	1.942	12.644	10.461	19.602	0.234	8.535	0.363		2.167	1.096	91.605		4.4	2.181		25.469	14.893		1.504	19.552	15.29	3.598		8.314	98.36	4.325	2.047	117.02		2.636	4.288	4.568	22.639	65.32	38.501	9.983	0.492	23.205	148.4	6.247			0.123	17.277	8.235		0.072	3.991	3.313	5.308	1.99	0.339	39.62		39.19	16.85	0.041	0.14	0.106	28.13	0.426	0.926	8.745	6.908	13.865	20.995	5.573	27.148	58.096		3.898	0.097	1.244	8.572	55.455	3.9		19.4	51.715	2.083	57.714	260.146	3.149	21.853	0.157	20.815	69.645	13.948	8.37	10.776	5336.242
1/1/1994		3.033	27.496	13.5	0.065	34.353	3.29	17.893	7.929	7.597	0.273	0.544	117.369	0.264	10.228	10.101	0.211	5.787	0.512	7.182		1.546	156.431	0.281	8.377	9.817	5.87	0.39	10.43	13.168	28.96	3.201	6.21	14.152	1198.50	36.863	0.476	45.234	2.516	3.373	13.758	4.524	0.65		5.197	0.541	0.071	7.642	11.38	55.746	5.68	0.428	3.426	1.477	53.531	0.766	5.078	57.565	1.039	1.073	4.93	81.539	15.825	10.572	0.099	9.779	7.514	1.103	0.764	7.691	5.457	6.162	10.35	0.265	919	191.578	61.891		3.586	5.395	56.842	2.44	125.142	4.139	15.8	24.783	0.077	44.642	1.5	4.525	4.751	2.627	2.975	1.767		4.65		0.404	1.952	13.04	10.533	20.142	0.24	8.759	0.366		2.228	1.111	93.059		3.609	2.202		25.926	15.453		1.549	20.065	15.383	3.648	4.557	8.605	101.068	4.348	2.112	119.99		2.691	4.401	4.675	22.989	66.84	38.581	9.999	0.495	23.064	148.5	5.79			0.125	17.701	8.476		0.074	3.952	3.419	5.338	1.99	0.349	40.56		39.296	17.098	0.041	0.143	0.106	28.95	0.431	0.944	8.816	6.969	14.241	21.178	5.607	27.959	58.797		3.983	0.097	1.25	8.786	56.382	4		20.1	51.3	2.23	57.862	263.325	3.179	22.282	0.164	21.283	70.825	14.6	8.625	11.147	5425.508
1/1/1995		3.037	28.06	13.905	0.067	34.779	3.22	18.12	7.944	7.726	0.279	0.559	119.87	0.264	10.177	10.131	0.217	5.986	0.509	7.387		1.586	158.875	0.287	8.297	10.09	5.98	0.399	10.769	13.537	29.263	3.276	6.596	14.395	1211.21	37.49	0.486	46.726	2.59	3.47	14.158	4.453	0.656	10.333	5.216	0.556	0.071	7.771	11.598	56.9	5.75	0.442	3.453	1.448	55.23	0.776	5.099	57.753	1.065	1.106	4.794	81.817	16.23	10.672	0.1	10.007	7.837	1.125	0.773	7.838	5.592	6.314	10.337	0.267	937	194.755	64.1		3.601	5.542	56.844	2.462	125.456	4.264	15.676	25.521	0.078	45.093	1.576	4.596	4.871	2.501	3.033	1.857		4.75		0.406	1.963	13.453	10.666	20.682	0.245	8.989	0.369		2.292	1.125	94.495	0.106	4.346	2.235		26.386	15.982		1.594	20.587	15.459	3.707	4.658	8.904	103.85	4.37	2.172	122.985		2.747	4.52	4.782	23.345	68.41	38.581	10.026	0.501	22.927	148.3	5.468			0.127	18.136	8.712		0.075	3.927	3.525	5.368	1.99	0.359	41.43		39.388	17.28	0.041	0.145	0.106	27.95	0.437	0.963	8.837	7.019	14.61	21.357	5.668	28.769	59.47		4.085	0.097	1.255	8.958	57.453	4.1		20.7	50.874	2.411	58.025	266.458	3.199	22.69	0.169	21.751	71.996	15.219	8.841	11.523	5515.798
1/1/1996		3.063	28.566	14.323	0.068	35.196	3.17	18.33	7.953	7.763	0.284	0.574	122.401	0.265	10.142	10.143	0.222	6.176	0.513	7.589	3.645	1.624	161.323	0.295	8.225	10.373	6.09	0.409	11.091	13.916	29.57	3.35	6.761	14.596	1223.89	38.1	0.497	47.912	2.59	3.565	14.56	4.494	0.666	10.321	5.251	0.571	0.071	7.897	11.798	58.2	5.81	0.456	3.507	1.425	56.898	0.785	5.117	57.936	1.092	1.139	4.675	82.012	16.644	10.758	0.101	10.238	8.095	1.148	0.778	7.987	5.724	6.467	10.321	0.268	955.063	197.004	62.509		3.626	5.682	56.844	2.485	125.751	4.383	15.481	26.281	0.079	45.525	1.7	4.661	4.987	2.47	3.071	1.842		4.84		0.412	1.977	13.883	10.876	21.223	0.25	9.222	0.371		2.358	1.138	95.881	0.106	4.332	2.267		26.848	16.463		1.643	21.115	15.53	3.762	4.752	9.215	106.709	4.393	2.225	126		2.804	4.64	4.888	23.706	70.01	38.609	10.064	0.512	22.8	148.3	5.406			0.13	18.581	8.94		0.076	3.92	3.671	5.379	1.987	0.369	42.2		39.479	17.49	0.041	0.147	0.106	28.6	0.442	0.985	8.844	7.062	14.973	21.525	5.735	29.58	60.077		4.209	0.097	1.258	9.089	58.533	4.2		21.4	50.4	2.443	58.164	269.581	3.219	23.13	0.173	22.219	73.157	15.796	9.073	11.905	5595.132
1/1/1997		3.088	29.045	14.752	0.07	35.604	3.14	18.51	7.965	7.838	0.288	0.589	124.945	0.266	10.093	10.17	0.23	6.361	0.521	7.827	3.756	1.661	163.78	0.302	8.162	10.665	6.19	0.418	11.396	14.305	29.868	3.425	6.932	14.796	1236.26	38.6	0.507	48.924	2.665	3.657	14.938	4.572	0.675	10.309	5.275	0.587	0.071	8.023	11.987	59.4	5.86	0.471	3.583	1.406	58.544	0.793	5.132	58.116	1.119	1.191	4.558	82.057	17.07	10.745	0.101	10.474	8.296	1.171	0.779	8.136	5.853	6.517	10.301	0.27	973.438	199.28	60.929		3.664	5.824	56.876	2.509	126.045	4.506	15.188	27.064	0.08	45.954	2.209	4.732	5.097	2.445	3.093	1.847		4.92		0.417	1.983	14.329	11.148	21.769	0.255	9.462	0.374	0.049	2.425	1.15	97.209	0.106	4.318	2.297		27.31	16.915		1.696	21.647	15.611	3.803	4.844	9.538	109.647	4.413	2.274	129.035		2.862	4.761	4.888	24.073	71.65	38.639	10.109	0.529	22.679	147.8	5.66			0.132	19.037	9.164	7.568	0.077	3.928	3.796	5.35	1.985	0.38	42.91		39.583	17.702	0.041	0.15	0.106	29.2	0.449	1.007	8.848	7.081	15.334	21.743	5.822	30.391	60.677		4.349	0.098	1.261	9.215	59.62	4.658		22.1	49.974	2.58	58.314	272.822	3.256	23.867	0.177	22.676	74.307	16.339	9.32	11.786	5678.505
1/1/1998		3.061	29.507	15.195	0.072	36.005	3.11	18.706	7.971	7.913	0.293	0.605	127.479	0.267	10.045	10.192	0.239	6.546	0.534	7.914	3.654	1.696	166.252	0.31	8.105	10.968	6.3	0.426	11.685	14.706	30.124	3.498	7.108	14.997	1247.61	39.2	0.518	49.902	2.742	3.747	15.326	4.501	0.683	10.299	5.295	0.604	0.071	8.152	12.168	60.7	5.9	0.487	3.683	1.393	60.179	0.801	5.147	58.299	1.147	1.225	4.505	82.037	17.506	10.808	0.101	10.716	8.457	1.194	0.777	8.286	5.98	6.583	10.28	0.272	992	201.581	61.842		3.703	5.967	56.904	2.534	126.354	4.623	14.955	27.87	0.082	46.287	2.271	4.806	5.201	2.421	3.114	1.851	2.704	5.01		0.422	1.993	14.79	11.458	22.334	0.261	9.712	0.377	0.05	2.495	1.162	98.49	0.107	3.656	2.328		27.775	17.351	45.296	1.75	22.175	15.707	3.829	4.932	9.871	112.665	4.441	2.318	132.085		2.921	4.883	4.888	24.445	75.16	38.66	10.16	0.55	22.565	147.5	6.176	0.173		0.135	19.504	9.388	7.568	0.079	3.962	3.927	5.358	1.978	0.39	43.56		39.722	17.935	0.04	0.152	0.106	29.8	0.454	1.029	8.854	7.096	15.702	21.929	5.939	31.201	61.277		4.5	0.098	1.263	9.333	62.464	4.483		22.8	49.545	2.834	58.475	276.022	3.274	24.231	0.182	23.13	75.456	16.863	9.577	11.756	5806.126
1/1/1999		3.1	29.965	15.651	0.074	36.399	3.09	18.919	7.983	8.016	0.298	0.712	129.967	0.267	10.019	10.214	0.243	6.74	0.549	8.001	3.725	1.728	168.754	0.317	8.067	11.282	6.3	0.434	11.96	15.117	30.367	3.57	7.29	15.197	1257.86	39.7	0.529	50.9	2.822	3.838	15.725	4.554	0.691	10.29	5.314	0.621	0.071	8.276	12.347	62	5.93	0.502	3.802	1.379	61.826	0.807	5.16	58.497	1.176	1.26	4.47	82.163	17.953	10.861	0.101	10.968	8.601	1.217	0.781	8.433	6.107	6.638	10.253	0.276	1010.19	203.909	62.817		3.742	6.117	56.909	2.559	126.594	4.738	14.902	28.7	0.083	46.617	2.255	4.875	5.298	2.399	3.157	1.856	2.909	5.09	3.429	0.427	2.002	15.263	11.774	22.91	0.266	9.977	0.379	0.051	2.568	1.174	99.711	0.107	3.65	2.359		28.238	17.798	45.874	1.805	22.69	15.812	3.851	5.017	10.177	115.766	4.473	2.361	135.125		2.98	5.006	4.888	24.823	76.78	38.667	10.218	0.572	22.458	146.9	6.843	0.174		0.137	19.983	9.619	7.54	0.08	4.03	3.959	5.369	1.978	0.401	44.2		39.927	18.208	0.042	0.154	0.106	30.4	0.461	1.048	8.861	7.124	16.091	22.092	6.127	32.012	61.849	0.823	4.651	0.099	1.265	9.456	63.364	4.564		23.5	49.115	3.033	58.684	279.195	3.289	24.583	0.187	23.593	76.597	17.39	9.839	11.724	5886.82
1/1/2000		3.058	30.506	16.12	0.076	36.784	3.08	19.141	8.002	8.139	0.303	0.638	132.383	0.269	9.99	10.239	0.25	6.949	0.564	8.275	3.781	1.758	173.448	0.325	8.15	11.608	6.426	0.442	12.223	15.541	30.647	3.638	7.478	15.398	1267.43	40.296	0.54	52.427	2.904	3.81	16.134	4.381	0.698	10.278	5.33	0.638	0.071	8.398	12.531	63.771	5.96	0.518	3.939	1.372	63.5	0.812	5.171	58.858	1.205	1.297	4.435	82.26	18.412	10.904	0.102	11.231	8.746	1.273	0.743	8.578	6.236	6.712	10.222	0.279	1029.19	206.265	63.862		3.79	6.286	56.924	2.582	126.829	4.857	14.866	29.494	0.084	47.008	2.217	4.922	5.388	2.382	3.235	1.861	3.065	5.18	3.405	0.434	2.01	15.745	12.07	23.495	0.27	10.261	0.38	0.051	2.643	1.186	100.9	0.107	3.644	2.391	0.612	28.466	18.276	46.379	1.828	23.184	15.926	3.873	5.098	10.493	118.953	4.501	2.402	137.53	0.019	3.041	5.13	5.346	25.207	76.79	38.263	10.29	0.594	22.435	146.3	7.495	0.175		0.139	20.474	9.862	7.516	0.081	4.14	4.028	5.377	1.988	0.412	44.85		40.264	18.467	0.044	0.156	0.106	31.1	0.467	1.064	8.883	7.164	16.511	22.277	6.25	32.822	62.321	0.897	4.794	0.099	1.268	9.553	64.269	4.643		24.3	48.664	2.995	58.886	282.296	3.301	24.908	0.191	24.06	77.635	17.937	10.101	11.693	5965.167
1/1/2001		3.068	30.954	16.604	0.077	37.156	3.06	19.386	8.021	8.234	0.307	0.661	134.73	0.27	9.957	10.263	0.257	7.175	0.581	8.248	3.798	1.784	175.885	0.333	7.891	11.946	6.75	0.451	12.473	15.976	30.972	3.704	7.665	15.572	1276.27	40.814	0.552	54	2.988	3.953	16.553	4.305	0.706	10.232	5.349	0.656	0.071	8.513	12.815	65.182	5.99	0.535	4.102	1.367	65.405	0.815	5.181	59.267	1.235	1.336	4.401	82.44	18.883	10.935	0.102	11.506	8.895	1.302	0.744	8.72	6.365	6.73	10.2	0.283	1048.00	209.206	64.584		3.847	6.436	56.961	2.605	127.17	4.978	14.851	30.309	0.086	47.357	2.309	4.968	5.47	2.353	3.358	1.865	3.161	5.26	3.388	0.44	2.016	16.236	12.343	24.123	0.276	10.563	0.391	0.051	2.72	1.197	102.127	0.107	3.635	2.425	0.615	28.833	18.786	46.801	1.83	23.655	16.046	3.916	5.174	11.06	122.228	4.519	2.443	140.36	0.019	3.102	5.256	5.456	25.597	78.59	38.254	10.363	0.612	22.408	145.2	8.013	0.176		0.142	20.976	10.119	7.503	0.081	4.296	4.138	5.379	1.99	0.424	45.51		40.721	18.732	0.046	0.158	0.106	31.9	0.474	1.075	8.909	7.198	16.961	22.406	6.376	33.633	62.908	0.909	4.926	0.1	1.272	9.651	65.166	4.72		25.1	48.241	3.167	59.113	285.216	3.308	25.211	0.195	24.541	78.686	18.506	10.362	11.663	6042.605
1/1/2002	22.203	3.06	31.414	17.102	0.078	37.516	3.05	19.605	8.064	8.328	0.312	0.711	137.006	0.271	9.9	10.31	0.265	7.415	0.598	8.547	3.828	1.808	178.276	0.34	7.846	12.296	7	0.459	12.709	16.423	31.309	3.767	7.857	15.668	1284.53	41.329	0.564	55.62	3.075	4.022	16.984	4.305	0.714	10.201	5.368	0.674	0.071	8.628	13.094	66.531	6.01	0.551	4.282	1.361	67.22	0.816	5.195	59.686	1.266	1.376	4.372	82.537	19.366	10.969	0.102	11.793	9.046	1.331	0.751	8.86	6.496	6.726	10.175	0.287	1064.06	212.19	65.657		3.917	6.567	56.988	2.627	127.422	5.098	14.867	31.147	0.088	47.622	2.42	5.013	5.545	2.321	3.516	1.87	3.206	5.34	3.376	0.444	2.022	16.736	12.813	24.727	0.281	10.883	0.395	0.05	2.8	1.205	103.423	0.106	3.628	2.459	0.615	29.185	19.32	47.153	1.86	24.103	16.149	3.99	5.245	11.456	125.593	4.547	2.484	143.17	0.019	3.164	5.384	5.567	25.993	80.16	38.242	10.42	0.63	21.795	145	8.361	0.177		0.144	21.491	10.39	7.5	0.083	4.493	4.176	5.384	1.994	0.435	45.546		41.424	19.007	0.047	0.159	0.107	32.7	0.479	1.082	8.941	7.256	17.438	22.521	6.507	34.444	63.488	0.922	5.051	0.1	1.278	9.749	66.003	4.794	0.009	25.9	47.823	3.349	59.319	288.019	3.309	25.523	0.2	25.018	79.727	19.094	10.625	11.632	6138.919
1/1/2003	23.116	3.042	31.885	17.615	0.079	37.87	3.04	19.827	8.1	8.423	0.316	0.765	139.186	0.272	9.831	10.356	0.274	7.666	0.616	9.141	3.858	1.83	180.619	0.346	7.801	12.659	7.2	0.467	12.934	16.883	31.602	3.83	8.6	15.838	1292.27	41.849	0.576	57.289	3.164	4.086	17.425	4.306	0.723	10.193	5.384	0.693	0.071	8.745	13.32	67.908	6.03	0.569	4.473	1.356	71.342	0.817	5.206	60.102	1.298	1.418	4.318	82.532	19.861	10.999	0.102	12.091	9.205	1.361	0.754	8.996	6.628	6.764	10.142	0.288	1080.50	215.216	67.315		3.98	6.687	57.131	2.647	127.616	5.23	14.951	32.009	0.089	47.859	2.547	5.073	5.619	2.299	3.69	1.875	3.222	5.42	3.361	0.448	2.026	17.245	13.098	25.32	0.285	11.22	0.397	0.05	2.882	1.213	104.725	0.106	3.618	2.49	0.615	29.52	19.873	47.455	1.891	24.526	16.225	4.062	5.313	11.834	129.05	4.573	2.526	146.75	0.02	3.227	5.515	5.677	26.395	81.88	38.219	10.459	0.66	21.628	144.3	8.578	0.178		0.147	22.02	10.674	7.481	0.083	4.713	4.115	5.389	1.995	0.446	46.127		42.196	19.232	0.048	0.159	0.107	33.6	0.484	1.088	8.976	7.314	17.952	22.605	6.64	35.492	64.05	0.936	5.17	0.101	1.284	9.84	66.795	4.867	0.009	26.8	47.442	3.551	59.552	290.733	3.304	25.802	0.204	25.51	80.899	19.702	10.895	11.64	6219.118
1/1/2004	24.019	3.025	32.366	18.143	0.079	38.226	3.03	20.046	8.143	8.518	0.321	0.824	141.235	0.273	9.763	10.396	0.283	7.923	0.634	9.275	3.889	1.852	182.911	0.352	7.761	13.034	7.344	0.474	13.149	17.356	31.899	3.894	8.815	16.002	1299.88	42.368	0.593	59.007	3.256	4.152	17.878	4.311	0.733	10.195	5.398	0.713	0.071	8.858	13.552	69.313	6.05	0.586	4.666	1.351	73.197	0.819	5.22	60.505	1.33	1.46	4.265	82.501	20.368	11.038	0.103	12.397	9.38	1.391	0.756	9.13	6.762	6.798	10.117	0.291	1097.44	218.285	68.345	26.674	4.045	6.806	57.496	2.666	127.752	5.35	15.075	32.894	0.091	48.039	2.754	5.136	5.699	2.277	3.854	1.879	3.241	5.51	3.343	0.455	2.033	17.763	13.385	25.905	0.289	11.573	0.4	0.05	2.965	1.221	105.956	0.106	3.607	2.519	0.615	29.84	20.439	47.74	1.923	24.922	16.282	4.114	5.381	12.225	132.602	4.599	2.57	149.65	0.02	3.289	5.647	5.788	26.804	83.56	38.191	10.484	0.72	21.521	143.8	8.711	0.179	0.029	0.151	22.564	10.968	7.463	0.082	4.928	4.167	5.37	1.996	0.458	46.728		42.859	19.444	0.049	0.16	0.108	34.474	0.493	1.095	9.011	7.364	18.512	22.689	6.78	36.541	64.603	0.952	5.288	0.101	1.29	9.932	67.599	4.945	0.01	27.8	47.101	3.761	59.842	293.389	3.302	26.021	0.209	25.987	82.032	20.329	11.175	11.73	6322.386
1/1/2005	24.861	3.004	32.855	18.688	0.08	38.592	3.01	20.312	8.201	8.613	0.325	0.889	143.135	0.273	9.697	10.446	0.292	8.182	0.65	9.408	3.919	1.876	185.151	0.359	7.719	13.422	7.491	0.479	13.356	17.842	32.203	3.961	9.035	16.165	1307.56	42.889	0.6	60.777	3.35	4.215	18.343	4.312	0.744	10.199	5.411	0.733	0.071	8.968	13.721	70.748	6.07	0.604	4.854	1.348	75.1	0.822	5.237	60.963	1.364	1.504	4.211	82.438	20.889	11.074	0.103	12.71	9.576	1.422	0.759	9.261	6.899	6.838	10.098	0.294	1114.00	221.398	69.39	27.377	4.134	6.927	57.875	2.682	127.775	5.473	15.219	33.803	0.093	48.138	2.991	5.189	5.791	2.25	3.987	1.884	3.283	5.59	3.323	0.461	2.037	18.29	13.654	26.477	0.294	11.941	0.403	0.051	3.047	1.228	107.156	0.106	3.6	2.548	0.616	30.172	21.01	48.033	1.957	25.292	16.32	4.161	5.45	12.792	136.253	4.632	2.618	152.53	0.02	3.351	5.781	5.899	27.219	85.26	38.174	10.503	0.821	21.382	143.2	8.833	0.18	0.03	0.155	23.33	11.271	7.441	0.083	5.12	4.266	5.379	1.998	0.469	47.349		43.663	19.619	0.05	0.161	0.108	35.3	0.499	1.105	9.048	7.415	19.121	22.77	6.92	37.589	65.152	0.97	5.408	0.101	1.297	10.029	68.435	5.024	0.01	28.7	46.749	4.106	60.235	296.115	3.306	26.313	0.214	26.48	82.392	20.975	11.47	11.83	6399.464
1/1/2006	25.631	2.981	33.351	19.248	0.081	38.971	3	20.628	8.254	8.707	0.329	0.96	144.869	0.274	9.63	10.511	0.301	8.444	0.666	9.627	3.92	1.901	187.335	0.365	7.679	13.822	7.641	0.482	13.555	18.341	32.529	4.032	9.261	16.332	1314.48	43.406	0.613	62.601	3.447	4.279	18.82	4.314	0.758	10.224	5.427	0.753	0.071	9.071	13.965	72.212	6.1	0.622	5.035	1.345	77.053	0.828	5.256	61.4	1.398	1.547	4.158	82.315	21.423	11.112	0.103	13.029	9.799	1.453	0.762	9.389	7.037	6.904	10.077	0.3	1130.00	224.555	70.496	28.064	4.233	7.052	58.064	2.696	127.851	5.6	15.395	34.738	0.095	48.372	3.183	5.248	5.896	2.228	4.08	1.873	3.385	5.69	3.27	0.469	2.042	18.826	14.043	26.832	0.299	12.326	0.405	0.051	2.953	1.234	108.417	0.105	3.59	2.579	0.616	30.506	21.587	48.338	1.992	25.634	16.346	4.209	5.638	13.248	140.004	4.672	2.67	155.37	0.02	3.413	5.917	6.009	27.64	86.97	38.157	10.522	0.968	21.257	142.8	9	0.181	0.03	0.159	24.122	11.583	7.412	0.085	5.281	4.401	5.389	2.003	0.481	47.992		44.361	19.773	0.051	0.162	0.109	36.218	0.504	1.118	9.113	7.459	19.596	22.877	7.064	38.638	65.632	0.989	5.53	0.102	1.303	10.128	69.295	5.104	0.01	29.7	46.466	5.012	60.584	298.93	3.314	26.664	0.219	26.835	83.311	21.622	11.782	12.01	6476.986
1/1/2007	26.349	2.955	33.858	19.826	0.082	39.356	2.99	21.016	8.283	8.802	0.333	1.039	146.457	0.275	9.579	10.585	0.312	8.707	0.679	9.903	3.916	1.928	189.463	0.37	7.64	14.235	7.794	0.484	13.747	18.855	32.848	4.107	9.493	16.505	1321.29	43.927	0.631	64.479	3.547	4.34	19.309	4.312	0.776	10.254	5.447	0.774	0.071	9.174	14.215	73.644	6.12	0.64	5.21	1.342	79.056	0.835	5.277	61.795	1.433	1.591	4.104	82.218	21.97	11.144	0.104	13.354	10.047	1.484	0.763	9.514	7.178	6.938	10.066	0.308	1146.00	227.758	71.278	28.741	4.376	7.176	58.224	2.708	127.983	5.723	15.566	35.698	0.097	48.598	3.4	5.289	6.013	2.209	4.14	1.877	3.431	5.78	3.231	0.476	2.045	19.371	14.439	27.1	0.305	12.726	0.406	0.052	3.036	1.24	109.796	0.104	3.581	2.615	0.616	30.841	22.171	48.653	1.991	25.95	16.382	4.246	5.708	13.716	143.854	4.722	2.726	158.17	0.019	3.476	6.056	6.12	28.221	88.71	38.125	10.543	1.152	21.131	142.8	9.2	0.182	0.03	0.163	24.941	11.905	7.382	0.085	5.416	4.589	5.391	2.01	0.492	48.657		45.236	19.928	0.052	0.163	0.109	37.159	0.51	1.02	9.183	7.509	20.083	22.958	7.216	39.686	66.094	1.01	5.835	0.102	1.31	10.225	70.158	5.186	0.01	30.7	46.192	6.219	60.986	301.903	3.324	27.072	0.224	27.284	84.219	22.29	12.11	12.04	6555.887
1/1/2008	27.032	2.927	34.591	20.421	0.083	39.746	2.98	21.476	8.308	8.897	0.337	1.107	147.97	0.275	9.542	10.667	0.322	8.973	0.692	10.028	3.911	1.955	191.532	0.375	7.607	14.66	7.981	0.485	13.941	19.383	33.199	4.185	9.73	16.687	1328.02	44.451	0.65	66.413	3.65	4.404	19.811	4.31	0.797	10.343	5.476	0.796	0.071	9.28	14.473	75.229	6.15	0.658	5.382	1.341	80.321	0.844	5.3	62.135	1.454	1.636	4.051	82.002	22.532	11.182	0.104	13.686	10.315	1.517	0.766	9.638	7.322	6.964	10.045	0.315	1162.00	231.006	72.18	29.43	4.485	7.307	58.653	2.719	128.065	5.85	15.778	36.686	0.099	48.949	3.442	5.348	6.139	2.192	4.186	1.882	3.477	5.88	3.198	0.484	2.049	19.927	14.846	27.6	0.31	13.138	0.408	0.052	3.119	1.244	111.304	0.104	3.573	2.659	0.617	31.177	22.763	48.983	2.021	26.249	16.446	4.28	5.779	14.198	147.81	4.787	2.785	164.66	0.019	3.538	6.196	6.23	28.657	90.5	38.116	10.558	1.554	20.636	142.7	9.5	0.183	0.031	0.168	25.787	12.239	7.35	0.087	5.532	4.839	5.396	2.01	0.504	49.344		45.983	20.085	0.053	0.164	0.109	38.126	0.517	1.031	9.256	7.593	20.581	23.037	7.374	40.735	66.533	1.034	5.987	0.102	1.316	10.329	71.052	5.269	0.01	31.8	45.963	8.074	61.398	304.718	3.334	27.533	0.229	27.733	85.119	22.978	12.457	12.12	6639.568
1/1/2009	27.708	2.898	35.268	21.033	0.084	40.134	2.97	21.866	8.335	8.977	0.341	1.178	149.503	0.276	9.514	10.753	0.323	9.241	0.705	10.302	3.904	1.982	193.544	0.38	7.564	15.095	8.172	0.486	14.144	19.926	33.581	4.266	9.973	16.877	1334.50	44.979	0.67	68.406	3.756	4.469	20.327	4.303	0.819	10.426	5.511	0.818	0.071	9.38	14.738	76.925	6.18	0.677	5.558	1.34	81.606	0.852	5.326	62.466	1.475	1.682	3.997	81.802	23.108	11.191	0.104	14.027	10.593	1.551	0.77	9.765	7.47	6.996	10.031	0.319	1178.00	234.3	73.201	30.163	4.533	7.482	59.001	2.73	128.051	5.98	16.198	37.7	0.101	49.182	3.485	5.418	6.268	2.163	4.247	1.887	3.624	5.96	3.163	0.494	2.053	20.496	15.274	28.082	0.315	13.559	0.411	0.052	3.202	1.247	112.849	0.103	3.568	2.71	0.618	31.514	23.361	49.334	2.051	26.545	16.53	4.332	5.85	14.693	151.874	4.843	2.883	168.18	0.019	3.6	6.339	6.341	29.101	91	38.136	10.568	1.632	20.44	142.8	9.7	0.185	0.031	0.173	26.661	12.587	7.321	0.087	5.641	4.988	5.409	2.032	0.515	50.056		46.368	20.242	0.054	0.165	0.109	39.117	0.524	1.043	9.341	7.702	21.092	23.12	7.53	41.783	66.953	1.06	6.144	0.102	1.323	10.44	72.039	5.353	0.01	32.9	45.783	8.2	61.792	307.374	3.345	28	0.234	28.182	86.025	23.687	12.825	12.23	6717.7
1/1/2010	28.398	2.87	35.978	21.664	0.085	40.788	2.96	22.172	8.352	9.049	0.345	1.235	151.125	0.277	9.5	10.84	0.324	9.51	0.717	10.507	3.897	2.007	195.498	0.387	7.505	15.54	8.368	0.488	14.365	20.424	33.959	4.35	10.223	17.066	1340.91	45.51	0.69	70.458	3.865	4.534	20.855	4.29	0.84	10.462	5.535	0.841	0.071	9.479	15.012	78.728	6.22	0.696	5.741	1.34	82.912	0.861	5.351	62.765	1.496	1.728	3.944	81.752	23.699	11.184	0.105	14.377	10.876	1.587	0.778	9.896	7.621	7.052	10.014	0.318	1195.06	237.641	74.339	30.962	4.555	7.621	59.19	2.741	128.048	6.113	16.434	38.5	0.103	49.41	3.582	5.478	6.396	2.121	4.341	1.892	3.778	6.041	3.097	0.502	2.057	21.08	15.714	28.589	0.32	13.986	0.414	0.053	3.285	1.25	114.292	0.103	3.564	2.755	0.619	31.851	23.967	49.708	2.082	26.846	16.615	4.374	5.923	15.148	156.051	4.908	2.885	171.73	0.018	3.662	6.604	6.451	29.552	92.6	38.023	10.573	1.637	20.295	142.9	10	0.186	0.031	0.178	27.563	12.951	7.291	0.09	5.752	5.077	5.422	2.047	0.526	50.792		46.562	20.401	0.055	0.166	0.109	40.134	0.531	1.054	9.416	7.786	21.393	23.162	7.616	42.832	67.341	1.089	6.306	0.102	1.328	10.547	73.142	5.439	0.01	34	45.598	8.264	62.262	309.761	3.357	28.5	0.24	28.631	86.933	24.398	13.217	12.34	6797.526
1/1/2011	29.105	2.843	36.717	22.314	0.086	41.261	2.96	22.52	8.375	9.122	0.348	1.195	152.862	0.277	9.481	11.001	0.332	9.78	0.729	10.712	3.89	2.031	197.397	0.393	7.327	15.995	8.569	0.491	14.605	20.934	34.303	4.435	10.478	17.256	1347.35	46.045	0.71	72.571	3.977	4.592	21.397	4.281	0.862	10.487	5.561	0.865	0.071	9.58	15.266	80.4	6.26	0.716	5.93	1.34	84.238	0.868	5.375	63.07	1.518	1.776	3.89	80.328	24.304	11.123	0.105	14.736	11.162	1.624	0.79	10.033	7.777	7.112	9.986	0.318	1217.44	241.991	75.15	31.76	4.575	7.763	59.365	2.755	127.896	6.249	16.674	39.5	0.105	49.779	3.682	5.552	6.521	2.075	4.383	1.896	3.876	5.923	3.028	0.512	2.06	21.679	16.166	29.062	0.325	14.417	0.415	0.053	3.369	1.252	115.685	0.104	3.56	2.786	0.621	32.187	24.581	50.11	2.113	27.156	16.693	4.399	5.997	15.618	160.342	4.973	2.993	175.305	0.018	3.724	6.88	6.562	30.009	94.2	38.063	10.558	1.708	20.199	143	10.2	0.187	0.031	0.183	28.376	13.331	7.234	0.091	5.865	5.184	5.392	2.05	0.538	51.553	9.897	46.736	20.541	0.056	0.167	0.11	32.661	0.54	1.067	9.483	7.87		23.225	7.801	43.88	67.638	1.12	6.472	0.101	1.333	10.674	74.224	5.526	0.011	35.1	45.453	8.512	63.285	312.075	3.369	29.1	0.245	29.072	87.84	25.13	13.634	12.653	6862.724
1/1/2012	29.825	2.816	37.495	22.984	0.086	41.733	2.97	22.921	8.408	9.195	0.352	1.219	154.695	0.278	9.465	11.095	0.341	10.051	0.742	10.875	3.884	2.055	199.242	0.4	7.282	16.46	8.775	0.506	14.864	21.458	34.699	4.522	10.74	17.445	1354.04	46.582	0.732	74.749	4.092	4.652	21.954	4.268	0.872	10.505	5.581	0.889	0.071	9.681	15.521	82.4	6.3	0.736	6.126	1.294	85.586	0.875	5.401	63.376	1.541	1.825	3.837	80.524	24.926	11.123	0.105	15.105	11.451	1.661	0.796	10.174	7.936	7.178	9.932	0.32	1243.00	245.425	76	32.578	4.585	7.907	59.394	2.769	127.611	6.388	16.912	40.7	0.107	50.004	3.785	5.663	6.646	2.045	4.425	1.901	3.977	6.004	2.988	0.525	2.062	22.294	16.632	29.518	0.331	14.854	0.418	0.053	3.454	1.256	117.055	0.104	3.56	2.84	0.622	32.522	25.203	50.537	2.143	27.474	16.755	4.426	6.071	16.102	164.752	5.038	3.291	178.91	0.018	3.788	7.167	6.673	30.474	95.8	38.064	10.515	1.837	20.096	143.3	10.5	0.189	0.031	0.188	29.196	13.722	7.199	0.092	5.979	5.312	5.404	2.055	0.55	52.342	10.386	46.766	20.658	0.057	0.168	0.11	35.056	0.542	1.08	9.556	7.955		23.316	7.964	44.929	67.956	1.156	6.643	0.102	1.337	10.776	75.176	5.614	0.011	36.3	45.246	8.768	63.705	314.402	3.381	29.746	0.251	29.517	88.762	25.884	14.075	12.974	6955.027
1/1/2013	30.55	2.788	37.9	23.673	0.087	42.203	2.98	23.295	8.452	9.268	0.356	1.243	156.595	0.278	9.464	11.162	0.35	10.321	0.754	11.081	3.878	2.079	201.033	0.406	7.238	16.937	8.985	0.512	15.087	21.994	35.1	4.611	11.009	17.632	1360.72	47.121	0.754	76.991	4.182	4.713	22.524	4.256	0.881	10.516	5.603	0.914	0.071	9.785	15.775	84.7	6.325	0.757	6.328	1.286	86.955	0.881	5.427	63.652	1.563	1.876	3.783	80.767	25.563	11.063	0.106	15.482	11.745	1.699	0.8	10.317	8.098	7.222	9.909	0.322	1259.35	248.818	76.978	33.417	4.593	8.056	59.685	2.784	127.341	6.53	17.165	41.8	0.109	50.22	3.89	5.777	6.77	2.039	4.467	1.906	4.081	6.086	2.958	0.537	2.066	22.925	17.111	29.948	0.336	15.302	0.421	0.054	3.537	1.259	118.397	0.104	3.559	2.882	0.623	32.853	25.834	50.979	2.173	27.79	16.804	4.476	6.134	16.601	169.282	5.096	3.594	182.53	0.018	3.851	7.346	6.786	30.946	97.484	38.063	10.457	2.045	20.02	143.7	10.8	0.19	0.031	0.193	29.994	14.125	7.164	0.093	6.104	5.399	5.411	2.059	0.562	53.157	10.882	46.593	20.822	0.058	0.169	0.11	36.164	0.547	1.093	9.645	8.039		23.374	8.132	45.828	68.297	1.193	6.818	0.102	1.344	10.887	76.055	5.704	0.011	37.6	40.489	9.031	64.087	316.742	3.392	30.241	0.257	29.985	89.691	26.66	14.539	13.117	7032.459
1/1/2014	31.279	2.774	39.5	24.383	0.088	42.643	2.985	23.626	8.508	9.342	0.36	1.268	158.217	0.279	9.468	11.204	0.357	10.592	0.766	11.292	3.871	2.104	202.769	0.413	7.202	17.429	9.201	0.518	15.313	22.544	35.492	4.701	11.284	17.819	1367.82	47.662	0.776	79.301	4.274	4.775	23.11	4.236	0.891	10.512	5.617	0.939	0.071	9.883	16.027	86.7	6.352	0.778	6.537	1.319	88.347	0.885	5.451	63.92	1.586	1.927	3.73	81.1	26.216	10.993	0.106	15.87	12.039	1.738	0.8	10.461	8.264	7.267	9.877	0.326	1275.92	252.165	77.8	34.278	4.61	8.212	60.783	2.799	127.061	6.675	17.422	42.927	0.112	50.424	3.999	5.895	6.898	2.033	4.51	1.911	4.187	6.168	2.932	0.55	2.069	23.572	17.604	30.6	0.342	15.791	0.425	0.054	3.621	1.259	119.715	0.104	3.558	2.925	0.624	33.179	26.491	51.419	2.203	28.109	16.864	4.555	6.198	17.116	173.938	5.156	3.717	186.19	0.018	3.928	7.53	6.901	31.424	99.434	38.018	10.394	2.235	19.947	146.3	11.096	0.192	0.031	0.198	30.77	14.54	7.164	0.094	6.232	5.47	5.417	2.061	0.575	54.002	11.384	46.464	20.964	0.06	0.17	0.11	37.289	0.553	1.106	9.747	8.14		23.434	8.302	46.744	68.657	1.231	6.998	0.102	1.351	10.998	76.903	5.796	0.011	38.728	42.831	9.302	64.511	319.075	3.404	30.604	0.263	30.457	90.63	27.46	15.021	13.261	7121.776
1/1/2015	32.007	2.76	40.29	25.115	0.089	43.096	2.99	24.027	8.556	9.417	0.364	1.294	159.857	0.28	9.421	11.337	0.364	10.862	0.779	11.506	3.863	2.129	204.451	0.419	7.166	17.934	9.422	0.525	15.543	23.108	35.798	4.794	11.566	18.006	1374.96	48.209	0.799	81.68	4.368	4.837	23.711	4.236	0.9	10.529	5.66	0.966	0.071	9.99	16.279	88.434	6.377	0.799	6.752	1.316	89.76	0.89	5.472	64.213	1.608	1.98	3.697	81.687	26.886	10.929	0.107	16.266	12.34	1.777	0.802	10.604	8.433	7.311	9.857	0.328	1292.71	255.462	78.631	35.161	4.649	8.371	60.945	2.814	126.729	6.824	17.683	44.076	0.114	50.629	4.11	5.976	7.029	2.026	4.554	1.916	4.296	6.252	2.918	0.561	2.073	24.235	18.111	31.12	0.348	16.295	0.427	0.055	3.706	1.259	121.087	0.103	3.556	2.969	0.625	33.503	27.122	51.846	2.221	28.432	16.935	4.615	6.27	17.647	178.721	5.213	3.84	189.87	0.018	4.006	7.718	7.017	31.911	101.423	38.006	10.404	2.437	19.861	146.3	11.4	0.193	0.031	0.203	31.386	14.966	7.164	0.095	6.319	5.523	5.424	2.063	0.588	54.86	11.893	46.393	21.107	0.061	0.171	0.11	38.435	0.558	1.119	9.879	8.238		23.494	8.477	47.679	68.838	1.27	7.182	0.103	1.358	11.11	77.738	5.888	0.011	39.89	42.741	9.581	64.938	321.41	3.416	30.971	0.269	30.933	91.578	28.284	15.52	13.407	7204.955
1/1/2016	32.739	2.746	41.056	25.868	0.09	43.564	2.991	24.445	8.594	9.492	0.368	1.319	161.513	0.28	9.374	11.434	0.371	11.131	0.792	11.725	3.854	2.154	206.082	0.426	7.13	18.454	9.648	0.531	15.776	23.685	36.112	4.888	11.855	18.196	1382.13	48.763	0.823	84.13	4.46	4.9	24.327	4.236	0.909	10.543	5.648	0.993	0.071	10.098	16.529	90.203	6.403	0.821	6.975	1.313	91.196	0.894	5.5	64.507	1.631	2.035	3.678	81.921	27.573	10.875	0.107	16.673	12.648	1.818	0.804	10.744	8.606	7.357	9.838	0.331	1309.71	258.802	79.47	36.067	4.688	8.522	61.151	2.829	126.345	6.976	17.947	45.247	0.116	50.835	4.225	6.059	7.163	2.02	4.597	1.92	4.399	6.337	2.903	0.574	2.076	24.915	18.632	31.649	0.354	16.817	0.428	0.056	3.794	1.259	122.475	0.103	3.554	3.014	0.627	33.827	27.808	52.254	2.24	28.758	17.01	4.652	6.342	18.194	183.636	5.271	3.957	193.566	0.018	4.086	7.911	7.136	32.405	103.451	38.003	10.412	2.607	19.821	146.3	11.691	0.195	0.031	0.208	32.013	15.406	7.164	0.096	6.439	5.562	5.43	2.066	0.601	55.733	12.131	46.326	21.252	0.062	0.172	0.11	39.599	0.563	1.132	10.027	8.287		23.555	8.655	48.633	68.981	1.309	7.372	0.103	1.364	11.224	78.559	5.982	0.011	41.087	42.652	9.856	65.386	323.687	3.427	31.343	0.275	31.416	92.537	29.132	16.034	13.554	7288.448
1/1/2017	33.471	2.732	41.753	26.644	0.091	44.045	2.991	24.863	8.628	9.568	0.372	1.346	163.187	0.281	9.327	11.532	0.379	11.399	0.804	11.948	3.845	2.18	207.661	0.433	7.095	18.989	9.879	0.538	16.013	24.277	36.437	4.983	12.185	18.387	1389.34	49.323	0.848	86.654	4.554	4.964	24.96	4.236	0.918	10.555	5.666	1.02	0.071	10.208	16.777	92.007	6.429	0.843	7.205	1.309	92.656	0.899	5.527	64.802	1.654	2.091	3.671	82.099	28.278	10.82	0.108	17.09	12.964	1.859	0.807	10.882	8.782	7.402	9.818	0.334	1326.94	262.185	80.319	36.996	4.727	8.667	61.353	2.844	125.909	7.131	18.216	46.441	0.118	51.042	4.342	6.143	7.299	2.014	4.642	1.925	4.505	6.424	2.889	0.587	2.08	25.612	19.169	32.187	0.36	17.355	0.429	0.057	3.881	1.26	123.879	0.103	3.552	3.059	0.628	34.15	28.494	52.645	2.258	29.088	17.046	4.689	6.413	18.758	188.686	5.328	4.079	197.275	0.018	4.168	8.109	7.257	32.907	105.52	37.996	10.419	2.725	19.776	146.3	11.99	0.196	0.031	0.213	32.654	15.858	7.164	0.097	6.561	5.596	5.437	2.068	0.614	56.618	12.373	46.26	21.397	0.063	0.173	0.11	40.783	0.568	1.147	10.177	8.337		23.615	8.836	49.605	69.095	1.348	7.566	0.103	1.371	11.338	79.366	6.078	0.011	42.319	42.562	10.139	65.825	325.85	3.439	31.719	0.281	31.907	93.505	29.977	16.564	13.703	7372.68
1/1/2018	34.203	2.719	42.463	27.444	0.092	44.536	2.991	25.281	8.662	9.645	0.377	1.373	164.877	0.282	9.28	11.629	0.386	11.665	0.818	12.175	3.837	2.205	209.187	0.44	7.059	19.54	10.117	0.545	16.253	24.884	36.765	5.081	12.49	18.58	1396.59	49.889	0.874	89.254	4.65	5.029	25.609	4.236	0.926	10.564	5.684	1.049	0.071	10.318	17.023	93.847	6.455	0.865	7.442	1.305	94.138	0.903	5.556	65.099	1.677	2.149	3.671	82.221	29.001	10.766	0.108	17.517	13.289	1.901	0.809	11.019	8.962	7.448	9.798	0.337	1344.40	265.613	81.177	37.949	4.767	8.805	61.555	2.86	125.424	7.289	18.488	47.656	0.121	51.249	4.463	6.228	7.438	2.008	4.686	1.93	4.613	6.511	2.875	0.6	2.083	26.325	19.721	32.734	0.366	17.91	0.431	0.058	3.97	1.26	125.299	0.103	3.55	3.105	0.629	34.473	29.181	53.019	2.277	29.422	17.083	4.727	6.484	19.339	193.875	5.387	4.206	200.997	0.018	4.252	8.312	7.38	33.416	107.631	37.984	10.427	2.779	19.73	146.3	12.297	0.198	0.031	0.217	33.307	16.323	7.164	0.098	6.686	5.631	5.443	2.07	0.627	57.518	12.621	46.194	21.543	0.065	0.174	0.11	41.985	0.573	1.162	10.297	8.387		23.676	9.022	50.597	69.182	1.388	7.765	0.104	1.378	11.454	80.159	6.175	0.011	43.589	42.473	10.43	66.266	328.029	3.45	32.1	0.288	32.407	94.484	30.816	17.111	13.854	7457.81
1/1/2019	34.935	2.705	43.185	28.267	0.093	45.037	2.991	25.698	8.697	9.722	0.381	1.4	166.586	0.282	9.234	11.727	0.394	11.929	0.831	12.406	3.831	2.232	210.659	0.447	7.024	20.107	10.359	0.551	16.497	25.506	37.096	5.181	12.802	18.776	1403.88	50.462	0.9	91.931	4.748	5.094	26.275	4.236	0.934	10.571	5.702	1.078	0.071	10.43	17.268	95.724	6.482	0.887	7.688	1.301	95.644	0.908	5.584	65.398	1.699	2.208	3.672	82.287	29.742	10.712	0.108	17.955	13.621	1.945	0.812	11.154	9.145	7.494	9.779	0.34	1362.09	269.086	82.044	38.927	4.808	8.946	61.757	2.875	124.894	7.451	18.765	48.893	0.123	51.458	4.588	6.315	7.579	2.002	4.731	1.935	4.724	6.6	2.861	0.613	2.087	27.054	20.289	33.291	0.372	18.483	0.431	0.059	4.058	1.26	126.736	0.104	3.548	3.152	0.63	34.793	29.867	53.378	2.296	29.76	17.118	4.765	6.556	19.939	199.206	5.446	4.338	204.728	0.019	4.337	8.519	7.504	33.934	109.783	37.972	10.434	2.807	19.685	146.3	12.611	0.2	0.031	0.222	33.973	16.803	7.164	0.099	6.813	5.666	5.45	2.072	0.641	58.433	12.873	46.129	21.69	0.066	0.175	0.11	43.222	0.577	1.177	10.404	8.437		23.737	9.211	51.609	69.251	1.43	7.97	0.105	1.385	11.571	80.936	6.274	0.011	44.896	42.384	10.749	66.697	330.221	3.461	32.485	0.294	32.915	95.473	31.648	17.673	14.006	7543.967
1/1/2020	35.667	2.691	43.919	29.115	0.094	45.548	2.992	26.112	8.732	9.8	0.385	1.428	168.312	0.283	9.187	11.824	0.402	12.19	0.845	12.642	3.825	2.258	212.078	0.454	6.989	20.69	10.608	0.558	16.744	26.144	37.43	5.282	13.122	18.973	1411.21	51.041	0.927	94.689	4.848	5.161	26.958	4.236	0.941	10.578	5.72	1.109	0.071	10.542	17.511	97.638	6.508	0.91	7.941	1.297	97.175	0.912	5.612	65.699	1.721	2.269	3.67	82.295	30.503	10.659	0.109	18.404	13.961	1.989	0.814	11.288	9.332	7.541	9.759	0.342	1380.01	272.604	82.92	39.93	4.848	9.089	61.961	2.891	124.348	7.617	19.046	50.153	0.126	51.667	4.716	6.402	7.723	1.996	4.777	1.94	4.838	6.689	2.846	0.627	2.09	27.798	20.873	33.857	0.378	19.074	0.432	0.06	4.147	1.26	128.188	0.104	3.546	3.199	0.631	35.112	30.553	53.722	2.315	30.102	17.12	4.803	6.631	20.557	204.684	5.506	4.476	208.468	0.019	4.423	8.732	7.631	34.459	111.979	37.96	10.442	2.807	19.639	146.3	12.934	0.201	0.031	0.227	34.652	17.296	7.164	0.101	6.894	5.701	5.457	2.075	0.655	59.362	13.131	46.062	21.838	0.067	0.176	0.111	44.345	0.582	1.192	10.51	8.488		23.798	9.405	52.641	69.305	1.473	8.18	0.106	1.392	11.689	81.699	6.375	0.011	46.243	42.295	11.077	67.126	332.429	3.472	32.875	0.301	33.429	96.472	32.471	18.252	14.16	7630.974
