date	ABW	AND	AFG	AGO	ALB	ARB	ARE	ARG	ARM	ASM	ATG	AUS	AUT	AZE	BDI	BEL	BEN	BFA	BGD	BGR	BHR	BHS	BIH	BLR	BLZ	BMU	BOL	BRA	BRB	BRN	BTN	BWA	CAF	CAN	CEB	CHE	CHI	CHL	CHN	CIV	CMR	COG	COL	COM	CPV	CRI	CSS	CUB	CUW	CYM	CYP	CZE	DEU	DJI	DMA	DNK	DOM	DZA	EAP	EAS	ECA	ECS	ECU	EGY	EMU	ERI	ESP	EST	ETH	EUU	FCS	FIN	FJI	FRA	FRO	FSM	GAB	GBR	GEO	GHA	GIN	GMB	GNB	GNQ	GRC	GRD	GRL	GTM	GUM	GUY	HIC	HKG	HND	HPC	HRV	HTI	HUN	IDN	IMN	IND	INX	IRL	IRN	IRQ	ISL	ISR	ITA	JAM	JOR	JPN	KAZ	KEN	KGZ	KHM	KIR	KNA	KOR	KSV	KWT	LAC	LAO	LBN	LBR	LBY	LCA	LCN	LDC	LIC	LIE	LKA	LMC	LMY	LSO	LTU	LUX	LVA	MAC	MAF	MAR	MCO	MDA	MDG	MDV	MEA	MEX	MHL	MIC	MKD	MLI	MLT	MMR	MNA	MNE	MNG	MNP	MOZ	MRT	MUS	MWI	MYS	NAC	NAM	NCL	NER	NGA	NIC	NLD	NOC	NOR	NPL	NZL	OEC	OED	OMN	OSS	PAK	PAN	PER	PHL	PLW	PNG	POL	PRI	PRK	PRT	PRY	PSS	PYF	QAT	ROU	RUS	RWA	SAS	SAU	SDN	SEN	SGP	SLB	SLE	SLV	SMR	SOM	SRB	SSA	SSD	SSF	SST	STP	SUR	SVK	SVN	SWE	SWZ	SXM	SYC	SYR	TCA	TCD	TGO	THA	TJK	TKM	TLS	TON	TTO	TUN	TUR	TUV	TZA	UGA	UKR	UMC	URY	USA	UZB	VCT	VEN	VIR	VNM	VUT	PSE	WLD	WSM	YEM	ZAF	COD	ZMB	ZWE
1/1/1960
1/1/1961
1/1/1962
1/1/1963
1/1/1964
1/1/1965
1/1/1966
1/1/1967
1/1/1968
1/1/1969
1/1/1970						211000000						180320037.8	16576923.37																4400000.095														26000000				4400000.095										25100000.38	211000000		180320037.8		1387801446			1382002338					1387801446																					1644521484															72000000	1232000000					7260000.229								51100000.38						55500000.48					7260000.229	284759994.5												283000000			284759994.5					211000000															133425415	4400000.095				1640121484	1640121484																															22659994.13		22659994.13	4400000.095					5799107.552																				277499994.3										1929281478			15399993.9
1/1/1971						238000000						176046508.8	24760213.85																4607883.93														22065559.39				4607883.93						209930938.7				14500000	238000000	793769.9556	176840278.8		1816536157			1823007923					1834713172	17899999.62																				2155367565			17899999.62		17899999.62										140000000	1367009399					7260000.229								54465559.01						59073442.94	17899999.62	17899999.62			7260000.229	315897541.2												396177015.3			297997541.6			18177015.3		238000000															203130355.8	22784899.23				2132582666	2132582666														793769.9556																	22638212.21		22638212.21	5401653.886					11705249.79												793769.9556								290737541.3										2471265106			15378211.98
1/1/1972						247719978.3						228958923.3	36248191.83																5100764.275														22799909.59				5100764.275						245852554.3				24000000	227000000	607909.739	337134833.8		2109157583			2114379734					2126978380	22579916																				2658606069			22579916		22579916										190000000	1552426758		20719978.33			13859999.66								69379825.59						74480589.87	22579916	22579916			13859999.66	348440035.4												455540775.3			325860119.4			17820796.97		247719978.3															262031433.1	22921561.25			107568000.8	2635684507	2635684507														607909.739																	30732321.74		30732321.74	5708674.014					12598646.16												607909.739								312000119.7										3007046104			16872322.08
1/1/1973						269739208.2						280555023.2	52594650.27																6380088.329														29803249.36				6380088.329						313813690.2				24000000	225000000	2062166.452	438694963.7		2211065182			2214559742					2230588135	22540000.92																				2851601021			22540000.92		22540000.92										178000000	1461209595		44739208.22			12539999.96								76343250.28						82723338.61	22540000.92	22540000.92			12539999.96	376562895.1												467262161.3			354022894.1			19522953.03		269739208.2															367418853.8	25903041.36			156077774	2825697979	2825697979														2062166.452																	28418270.11		28418270.11	8442254.781					16028392.79												2062166.452								341482894.2										3228163916			15878270.15
1/1/1974						276823417.7						308759124.8	80947891.24				7382490.635	35940307.62											8133522.987														36079200.74				8133522.987						357406890.9				26799999.24	202000000	4513935.089	475419529	1426000000	3446953880			2019358915					2039631811	26192509.44																				2648670928		800000.0119	83123534.77		21659982.68										130000000	1214379028		74823417.66			18479999.54								85339182.67						93472705.66	82323534.76	73806874.07			31328788.58	1901760340										415448.457		425501348.5			1827953466			18677930.83		276823417.7												4291566.372			347947174.1	26811453.82			162146469.1	2621859474	4047859474		3532128.334												4513935.089									8516660.69								109083804.9		109083804.9	16179586.41					20272895.81	3532128.334						4117078.304					4513935.089			1426000000					1796624678										4550431268			26408124.92
1/1/1975						966117778.4						286614196.8	87247398.38			662297424.3	17591100.69	47654621.12										82000000	9213089.943			43136806.49								12131793.98			23000000				11840063.1						419735931.4				28000000	266000000	29322185.52	473330181.1	1312000000	7629769590			6305354988		1403779907			6331545404	99894175.78	18514945.98		627961975.1																	6896448116		750000	200435030		59220001.22				429883697.5						101000000	1602127319		166671005.2			13199999.81								198870001.3						210710064.4	309255811.7	160795782.3		8562662.125	1153972444	3306423193	121702575.7						533005981.4			466609.2396		1088507454			3145627411		23307043.08	21830467.22		965676986.6					440791.8155			4177487.373				7787678.719			334755615.2	33670530.32	8054653.168		157393798.8	6862777585	8174777585		172817662.3										1127104004	5900000.095	6694577.217						438446359.6			26316661.83								362107660.3		362107660.3	191352302.6					26190416.34	7978280.067						4768728.256	18450120.93				6694577.217	2626973.152		1312000000					1991654967										10202871309			35624969.48
1/1/1976						1355695710						305269104	105288040.2			658915466.3	28039279.94	51023120.88	18761274.34								1399999.976	81000000	9649999.619			61410015.11								14228888.51			51000000				101092534.5				31669029.24		449990753.2		1300354.838		112000000	255000000	47306022.4	526952407.6	982000000	7796786377	3299999.952		6795426643		1380182007			6836810817	114469743.2	23807750.7		653017089.8											805000000						7409949937		850000.0238	248734344.7		74699996.95				642343811					1399999.976	72000000	1402123901	88500000	410864013.7			9899999.619					47000000			431950352.3						443242532	389016730.5	185840652.4		12957679.75	1878089837	4321949137	138000000						547143920.9			711447.1793		1459498692			4136108485		17744260.79	32224994.66		1355273697					422013.551			3934568.167				6290005.684			328868133.5	75186203.6	8800554.276		127377281.2	7334763733	8316763733		209185014.7	411736938.5					13977520.94				924339477.5	7300000.191	5374445.915					247391.1941	1085799704			45992790.22				10600000.38				419619362.1		419619362.1	315651995.2					41384174.35	9774999.619						7085149.765	24019487.38				5374445.915	1642180.085	142265762.3	982000000					2258018648										11731899074			28750000
1/1/1977						2637034422						326544830.3	118988021.9			754823120.1	39181098.94	60147422.79	78875038.15								1799999.952	61000000	10000000			68886909.48	1965974.45			405654205.3				15874328.61			81726402.28		24281503.68	2000000	99416663.53				50965206.15		535669250.5		3200000.048		123599998.5	349000000	408370667	1071561356	982000000	10447382278		927665100.1	8967569554		1463044434		4444444.656	9028074692	278298735.5	46703990.94		1260706177											940000000			14000000			10482219015		1049999.952	329723044.5		75019996.64				934415893.6					1700000.048	106000000	2162453369	81699996.95	469705932.6	90000000		18479999.54					103000000			627296391.2						638713057.8	551113753.5	240879763.3		18482927.32	4281719343	7120973661	165139999.4						589561645.5			325628.4893		2738463787			6880093897		26497917.18	36229381.56		2596234405					307104.528			4062921.047	200000000			6447419.643	20000000	3900000.095	400932647.7	98611254.34	66182762.15		143645858.8	10383607761	11365607761		270383412.4	872086608.9	103699996.9		339000000		8717079.163				1197053955	17500000	11541872.98					1177879.691	1903860468		40492912.29	43064205.17				54000000				603211729.2		603211729.2	381341948.9		3099999.905			60505138.4	12074999.81			92449996.95			8026711.464	45048793.79				5541872.978	1416666.627	167851730.3	982000000					2598374555		200000000								17603192676	6000000		28750000			17645269.39
1/1/1978						4405529374		26000000				415642852.8	154029663.1			956470520	56236076.35	78074638.37	115435371.4								2000000	113000000	11699999.81			57477024.08	988230.4668			536905273.4				22157634.74		2499381.065	75819999.69		23602317.81	2900000.095	92716664.91				68538520.81		731329772.9		5800000.191		131600006.1	393000000	581926128.4	1388102078	983000000	13060027637		1773296997	11448118016		1734471313		7149758.339	11496805928	871308667.6	65478401.18		1582122070			88630.5347					345200.3598			989000000			21600000.38			13391739347		1250000	441087784.6		76000000				1164776733					1799999.952	194000000	2996618408	69099998.47	520576477.1	130000000		26399999.62					105000000			734010004.1						773126670.5	701961147.6	296516989.4		39031032.56	6759704919	9951115063	177445007.3						763199218.8			398838.9373		4556454876			9654598074		44315269.47	26467153.55		4307035782					563227.7131			4317711.83	220000000			8486373.901	3000000	4099999.905	446557281.5	163074281.3	67983589.17		155533096.3	13228665065	14211665065	28951940.54	273516896.5	1309296997	120800003.1		446000000		9158178.329				1697034912	37500000	18057362.56					2167890.787	2628540134		68978424.07	55615661.62				67839996.34				716603015.1		716603015.1	384290923.9	298716.1577	4699999.809			48687911.99	14260000.23			635900024.4			9332795.143	104392875.7				6057362.556	1416666.627	221063064.6	983000000		129667.2076			2894893155		220000000								23342854410	12000000		43700000.76			12892250.06
1/1/1979						5563872498		42000000				495797180.2	198398651.1			1041822876	72921585.08	109669143.7	171138702.4								1000000	73000000	14199999.81			58281730.65				592401001				28205875.4	3478724.48	3088543.177	101000000		24005556.11	2700000.048	119616667.9				76457801.82		849240966.8		8699999.809		161300003.1	417000000	783067815.8	1747324865	1694000000	16399054066		2213571533	14020031758		1895898438		8695652.008	14066619245	1262445991	91440734.86	3589619.16	1921343018			94019.5844			1272740.006		492476.2845			1181000000			23600000.38			16357576699		1500000	618867604		84779998.78				1437018555					1700000.048	335000000	3698666504	89900001.53	600949157.7	160000000		19139999.39			1564873.695		101000000			1006480002						1068296668	960989896.6	408108533.7		60065425.87	8447157417	12954115276	212464599.6						948415710.4			47009.971		5760714267	177000000		12546006743		54061260.22	28733226.78		5364265350					2353325.605			4569461.346	230000000			8649801.254	8000000	4500000	550761962.9	199723385.5	73067047.12		207459869.4	16157853314	18028853314	32715690.61	312803760.2	1501616821	135699996.9		556000000		9130308.151				2486267578	36400001.53	24727344.99					4787133.694	3169839504		127889999.4	56270721.44				100000000		36648132.32		936462603.9		936462603.9	457147773.1	596723.7353	5400000.095			46587486.27	16868654.25			901400024.4			7958757.401	188640701.3				6572852.135	1416666.627	282928924.6	1694000000					4098849326	4199999.809	230000000								29311691975	13000000		51122856.14			19397583.01
1/1/1980						6403246145		56000000				631592773.4	244725067.1			1139075073	77002243.04	150431030.3	338666748								1399999.976	111000000	9100000.381			77326385.5	37864.5249			608697814.9				32184844.97	29392337.8	3175887.108	106000000	1618722.2	40064800.26	4099999.905	125992593.3				94037223.82		2380181152		8600000.381		183100006.1	406000000	1047147372	2637492679	2071000000	19146456214		2696000000	16332658187		2187928955		12222222.33	16398645980	1321918442	106253776.6	4890186.787	1440365112			47330.6552			899999.9762		390921.8907			1119000000			26200000.76			19308465586		1600000.024	957524857.6		106440002.4				2756975586					1500000	421000000	4013217285	95500000	793860229.5	140000000		27719999.31			1594089.389	792592.5851	562599975.6			1855280006						1927172599	1492346706	560159830.9		151700653.1	11348255007	17708007618	263214080.8						1053942871			378646.7016		6532629139	1039000000		17147847787		59399974.82	35029144.29		6041857666				53400001.53	5575631.142				80000000			11283628.46	22000000		604357360.8	235701289.7	101641563.4		256152557.4	19072764296	22182764296	34742328.64	418747053.3	2047622437	65199996.95		626000000		5445909.023				2968488037	52099998.47	32572617.89					3381209.373	5294965424		262200012.2	77054306.03			95256.4552	49040000.92		57251785.28		1397757150		1397757150	577312264.6	773624.301	6000000			65987792.97	35311187.74			773500000			9934704.781	383128845.2				7088341.713	6000000	318554565.4	2071000000					5799592780		80000000								37016473203	19000000		67096893.31			16891616.82
1/1/1981						5907729369		42000000				740711547.9	223906967.2			948875671.4	62006073	153360977.2	381052154.5								4699999.809	124000000	11050000.19			74575286.87	11040.3122			442919036.9				30912874.22	28704811.1	2653791.666	160000000	1221804.857	31596889.5	2400000.095	138011111.3				83050415.04		2117616699		8500000		182899993.9	447000000	1320461723	3201446739	2490000000	17825550974		2180857178	14725027100		1815784424		10483091.35	14792673699	1072273956	95759994.51	9302308.083	1278299805			184005.2009			1399999.976		289367.497			1169000000			24500000			17955466968		1750000	1021521644		126620002.7				2301415527					3099999.905	531799987.8	3531829834	107000000	1032941284	190000000		78540000.92			1953541.16	1111111.164	690599975.6			2165749999						2224161110	1624994761	522848761.9		229559402.5	10516153752	17961498919	290588897.7						1013863098			220807.0755		6071648224	1220000000		17438650157		47657344.82	28187164.31		5471128357				64500000	3706323.862				80000000			9181859.016	16000000		556271301.3	210181405.5	125045402.5		259673492.4	17745285562	21455285562	40532714.84	439346121.9	2067108154	61700000.76		800000000		4737266.541				2876444824	63099998.47	37859680.06					3900858.402	4979135238		383991638.2	68192329.41			87994.7394	72480003.36		7148530.483		1535023602		1535023602	615216913.2	955742.4784	6099999.905			67646598.82	39934127.81			436000000			7864382.267	477864776.6				7603830.814	4250000	360466796.9	2490000000					6922496405		80000000								35916965887	19000000		86858123.78			28294628.14
1/1/1982						5862270294		28000000				771140441.9	220660125.7			837334533.7	36949996.95	110302223.2	526463684.1								2700000.048	57000000	9050000.191			56426345.83	36517.8697			527022216.8			617320000	28909978.87	19019723.89	2131696.224	87000000	2367595.196	25852012.63	5599999.905	139966665.2				79724700.93		2231766357		7500000		190000000	507000000	2338251723	4398269515	2140000000	17132685337		2439142822	14397031440		1581557617		10193236.35	14397167733	773399053.8	107548988.3	8086236	1337885498			60863.1149			1500000		187813.1032			1140000000			10699999.81		2299999.952	17538804487		1500000	661016622		97040000.92				2617671387					1200000.048	280299987.8	3529875000	111099998.5	1082284912	210000000		67980003.36			2535849.81	1100000.024	784299987.8			2031539998						2074606664	1489434873	433398742.3		289306793.2	11687547461	19416979073	348125335.7						849573425.3			114372.0374		6024183220	1226000000		18983580330		39408866.88	39306793.21		5661148529				63500000	2317981.958				80000000			7133157.253	18000000		656217773.4	205526070.7	106602180.5		294577362.1	17333278416	20699278416	43427909.85	470939231.5	2588121582	75500000		1049000000		6099514.008				2635154053	41400001.53	47096185.92					7178167.343	6021563446		133111251.8	66310363.77			80733.031	112199996.9		19897026.06		1224475377		1224475377	658002082.6	712219.4171	4000000			136293.0089	37207046.51			410700012.2			6113699.913	618736022.9				8119319.916	4916666.508	372447357.2	2140000000					7296032870		80000000						9354780.197		36955783559	19000000		80451812.74			32895336.15
1/1/1983						7173076351		28000000				900273193.4	214508590.7			848768920.9	43845420.84	113213974	642408508.3								5000000	29000000	8449999.809			55883449.55	20993.7375			551177673.3		1000000	542000000	27029436.11	28000396.73	1609600.663	72000000	1836967.468	20547992.71	5300000.191	115849996.6				78231697.08		2118541992		9399999.619		195000000	392000000	2580209148	4881741283	1513000000	15275356623		3665857178	13125888687		1348032104		11014492.99	13150424223	866662477.7	97178131.1	7984107.971	1278938721			288663.8641			500000		701136.1122			964000000			3900000.095		1166666.627	16516090713		1799999.952	811262011.5		89879997.25		10000000		2660081543					2299999.952	242600006.1	3380593018	84199996.95	1109606079	180000000		58080001.83			2252221.823	1111111.164	920500000			2121075551					688888.9074	2164469996	1775845307	429966006.2		294477050.8	13718014067	20970704751	377883483.9						916988281.3			116157.7329	2500000	7159234574	1391000000		20540738744		36476615.91	42779594.42		6830427063				75199996.95	1222367.525				80000000			6838709.831	14000000		567021972.7	206833645.8	101234321.6		300758941.7	16309257067	19213257067	43427909.85	513785010.6	2940239990	78099998.47		1124000000		4313142.776				2187293945	33200000.76	53856820.82					3434139.729	6539707092		274461547.9	58966156.01			53041.108	115440002.4		21700494.77		1386285896		1386285896	683491828	1096014.738	6000000			24535535.81	53047302.25			386500000			6077686.787	846039184.6				16475309.37	4833333.492	359475524.9	1513000000					6822724677		80000000						7145181.656		37486795464	20000000		73583473.21			19556180.95
1/1/1984						7371483942		32000000				956123474.1	197660034.2			780039001.5	42065956.12	90237777.71	500747406						17750000		5800000.191	46000000	10399999.62			49985622.41	21151.9469			495811492.9		1000000	403000000	24945264.82	14829845.43	1087505.221	78000000	2139818.43	20617847.44	6400000.095	132784588				73591163.64		1968478394		10800000.19		205000000	329000000	2130181266	4517093619	1807000000	14903811796		3962714355	12507541585		1226743164		11497584.34	12530021947	774098259.4	49415206.91	10613370.9	1262145020			91542.2589			4699999.809					945000000			3400000.095		2609894.991	15945403772		1950000.048	746846613.6		90000000		53000000		2294750488					6800000.191	253000000	3274925049	73900001.53	1236679321	210000000		56759998.32			2193907.738	1311111.093	945500000			2372076806	2799999.952				6446913.719	2420454584	1527689699	351992736.3		300945312.5	12670689125	20258967088	322556274.4						873726684.6			5636074.543	2500000	7373492458	1561000000		19906974352		32497501.37	36873622.89		7040190612				57000000	956062.9129				80000000			7458405.495	12000000		492894073.5	201270786.6	101051979.1		275288879.4	15744132986	19112132986	43428222.66	453813335.7	2580805664	74000000		718000000		5354969.025				2199776855	24000000	54739126.21					2943145.752	5679748871		284769226.1	53758190.16			79682.8642	159119995.1				1229769534		1229769534	641337049.9	3254174.232	5900000.095			22480361.94	52668056.49			321399993.9			6609351.158	893287170.4				13463839.53	3666666.746	316670257.6	1807000000					7236285228		80000000						8468008.041		36204370861	20000000		64797187.81			3806286.573
1/1/1985						6449093711		27000000				1009029114	201390884.4			817282897.9	40288208.01	125921798.7	502471374.5						21049999.24		6000000	40000000	8149999.619			31273542.4	21310.1581			498550140.4		1000000	271000000	24039373.4	12220014.57	565409.7795	110000000	4229184.628	20757017.14	7199999.809	206874022.7				71504096.98		2022923706		11100000.38		242000000	313000000	2110681622	4533853834	1714000000	14841197254		3211714355	12529510178		1234490723		14202898.98	12552853296	826203666.7	50871543.88	27653663.64	1393456177			133552.0744			4199999.809					807000000			1000000			15959460400		2099999.905	810563136.9		95779998.78		61000000		2469209229					5099999.905	209399993.9	3230516113	145500000	1022177368			66000000			4055464.745	1062963.009	1157800049			2580194940	3500000				12204937.93	2621714025	1504118089	420761237.1		291652252.2	12163966433	19492531117	223917800.9						972522277.8			4573740.005	1750000	6427408061	1616000000		19071769880		66998626.71	34743316.65		6139836212				40799999.24	791334.2118				80000000			8983602.524	10000000		501530181.9	190195038.1	105437133.8		256343048.1	15769265362	19099265362	43428539.28	329889256.1	2537092529	99000000		806000000		5607313.156				2163800537	9600000.381	86315581.32					2864348.412	5802175385		260808441.2	79418968.2			39260.6258	157160003.7				1145642958		1145642958	623078860.2	277999.5501	4500000			23343118.67	47550159.45			349600006.1		33388.0186	15405231.48	877258728				21871343.61	3306122.541	270822204.6	1714000000					6907803447		80000000			1000000			8735109.329		35451991517	24000000		38708106.99			619640.8272
1/1/1986						6277412014		32000000			11185185.43	1053348999	303058471.7			1098416260	50822120.67	191625381.5	576282470.7						24399999.62		8000000	40000000	10800000.19			37250999.45	21468.3693			651503234.9		400000.006	445280000	35806491.85	23736240.39	43314.3079	416000000	4764614.105	27560075.76	7699999.809	226603705.3				57127079.01		2779070313		7703703.88		225399993.9	358000000	2274972996	5368573399	1634000000	18836664813	3000000	2506142822	16460083071		1433077271		13574879.65	16478518179	684248294.8	74044212.34	29747564.32	2020921875			231009.6323			600000.0238	70000.0003				967000000	16777778.63		699999.9881			21804106877		2099999.905	827797372		105419998.2		71000000		2239903076					7599999.905	448700012.2	4401150879	111500000	1183819458			52139999.39			4113039.017	10518518.45	1736599976			3044644420	3700000.048				17962963.1	3110714790	1605078814	534085481		325967742.9	11647820418	19841578694	255449417.1						1399646484			5869821.548	1000000	6651974353	1771000000		19307493213		68436607.36	45802402.5		6118203063				50000000	1855462.193				908000000			15965653.42	4000000		626001709	207868727.4	110845802.3		303651428.2	21596238150	25001238150	39268875.12	381351810.2	2446387207	100400001.5		861000000		7007307.053				2654412598	13699999.81	91753145.22					4018681.526	5589540497		113319999.7	108949920.7			57817.8428	157291091.9				1180217718		1180217718	699708660.8	85516.572	1700000.048			18435108.18	55010177.61			323000000		1230126.262	21423255.92	795232543.9				20869979.86	166666.6716	347594299.3	1634000000					7659672795		908000000		13888889.31	1000000			8022562.027		41645685571	29000000		35513610.84			785054.6241
1/1/1987						7601042249		34000000			11744444.85	1396266846	400337341.3			1275191284	60225616.46	173280075.1	747808898.9						19350000.38		8600000.381	42000000	28200000.76			54319961.55	21626.5805			779242553.7		500000	228040000	42923229.22	12777147.29	9982.1463	625000000	6801226.616	36425994.87	7900000.095	264975927.4				63812549.59		3582102295		11777777.67		273100006.1	487000000	2347583211	6193722005	2021000000	23867193763	3000000	3604285645	19496124028		1583675903		8550724.983	20963410427	761239268.7	77741462.71	27012722.02	2472511475			299464.4046	1369103027		699999.9881	70000.0003				1407000000	22333333.97		100000.0015			27473824867		33700000.76	916140344.9		113160003.7		86000000		2665414307					14699999.81	613599975.6	4462657715	120500000	937952087.4			66000000			5100897.789	11303703.31	2070600098			3616916680	3500000				20444444.66	3705775940	1941362514	556162328.5		350058441.2	13735722289	22740090552	353087127.7						1588903320			4648277.283	1000000	8109344383	1985000000		22183928223		88175628.66	46021369.93	5972804.546	7410711334				58000000	6700205.326			48816528.32	994000000			16131149.29	3000000		753309448.2	237204883.1	134862152.1		379271850.6	27236619984	31242619984	39011703.49	530882739.4	2180528076	104400001.5		1020000000		13434066.77				3371763184	22700000.76	99964464.2					4480205.059	5944809723		137817779.5	117822601.3			76375.0598	186639999.4				1399069604		1399069604	895823131	70096.1947	2099999.905			98183372.5	78878868.1			334000000		1354244.59	20044149.4	841855346.7				22388044.36	2111111.164	458570282	2021000000					8448205934		994000000		15111110.69	1000000			8462800.026		50213915418	37000000		45234821.32			1143025.756
1/1/1988						7479027556		30280000.69			12337037.09	1884704224	448963897.7			1430124512	71116760.25	187028152.5	763622131.3						16950000.76		4500000	32000000	31950000.76			54687019.35	21784.7917			826214721.7		100000.0015	326340000	42639167.79	12321712.49	4431787.491	458000000	7383017.54	42742012.02	9100000.381	302261512.3				71362930.3		3834042969		16111110.69		288799987.8	379000000	2826638609	7707802855	1776000000	26496697547	2000000	3769571533	22055085328		1790329712		11304347.99	23785829628	864194342.4	105305137.6	22653249.74	3418352783			134296.5961	1626415283		6000000	26709999.08		1500000		1737000000	23518518.45		45700000.76			31319104584		41799999.24	1075145399		124099998.5		99000000		2315296143					22399999.62	542000000	4829600586	153899993.9	894980407.7			76559997.56			4055759.43	12162962.91	2504500000			4025834429	6699999.809				15851851.46	4115381503	2124135725	620572341.5		357666870.1	13477317374	22742387590	371458984.4						1304641724			4029545.307	1200000.048	7838672005	2439000000		22121815249		73225212.1	51684013.37	6836565.018	7205976288				71599998.47	9300986.29			99664604.19	995000000			15699271.2	2000000		814183776.9	251505721.8	137937210.1		491960022	31067598862	35282598862	39011703.49	573958152.7	1871958252	102099998.5		1262000000		10012715.34				3524135010	23899999.62	89330696.11					3806522.131	5309743396		217355560.3	117543090.8			79965.3456	210740005.5				1598194868		1598194868	965550361.1	63699.1858	2799999.952			104329017.6	94789123.54			360000000		345813.7214	21239006.04	926754028.3				16612133.03	1717073.202	497782623.3	1776000000					8644497874		995000000		14962963.1	1000000			8009553.909		54061492174	38000000		49695087.43			1382946.491
1/1/1989						6950298995		26559999.47			13196296.69	2402261230	469524231			2736618164	91336494.45	155259277.3	757979553.2						21950000.76		8500000	120000000	32000000			49382450.1	21943.0029			755107971.2		1299999.952	188860000	35422275.54	32569686.89	4404277.802	467000000	7887009.144	47700454.71	10000000	361063725.5				68941131.59		3751835205		13370369.91		300500000	345000000	2915041980	8089369250	3063000000	28925257787	1000000	3293454590	23194772844		1861106934		6473430.157	25006629640	1137648050	70851074.22	22988763.81	3223879883			156735.7332	1684590454		6000000	22340000.15		1200000.048		1387000000	16851852.42		85000000			33050082842		48599998.47	1275132823		122800003.1		167000000		2613844482					30200000.76	783700012.2	5080443848	208500000	627070861.8			89099998.47			4190268.993	19207407	2187100098			4629232970	8300000.191				15370369.91	4725743732	2291660202	605922404.4		358011932.4	14027750639	24693266688	364958618.2						1336566040			9741570.473	1399999.976	7374614319	2793000000		24087344284		75954139.71	70015853.88	9275733.948	6481886749				71300003.05	4780195.236			138804718	1020000000			13231630.33	10000000		768753540	277438903.8	140336029.1		584965942.4	32772643938	38628643938	39011703.49	586875248.3	2017306152	102099998.5		1362000000		7227381.706				3705802979	39500000	90366199.01					3955134.63	5748542120		416733337.4	112755683.9			51828.4068	237820007.3				1855562869		1859822322	1038305173	157212.2127	2000000			127266342.2	109773315.4		4259452.82	430000000		793082.8333	22864608.76	943207946.8				14867723.46	3247058.868	449795257.6	3063000000					10059593645		1020000000		15370369.91	1000000			7319442.749		57743349530	41000000		88546226.5			712248.8618
1/1/1990						9699913089		22840000.15			12533333.78	2369583740	634832336.4			3583137695	101049423.2	139672851.6	778865600.6						18450000.76		4599999.905	573000000	37900001.53			85569969.18	80803.6923			923652832		400000.006	195940000	44442031.86	22992322.92	4376768.112	495000000	9935265.541	59140384.67	12000000	384393789.5				78588905.33		4876062012		13922222.14		314799987.8	352000000	3109971578	8654402913	3246000000	34462181488	51000000	4283500000	27879097755		2185527832		5217391.491	30130657127	2154210871	62883602.14	21945989.61	4034759033			875882.3872	2099054688		6000000	17969999.31		1000000		1817000000	17974073.41		118699996.9			38944587146		62900001.53	866832120.6				166000000		2383739990		285673553.5			62259349.82	811900024.4	5074514160	228699996.9	499267089.8			139259994.5			5143410.206	19285184.86	2413000000			5638065916	10899999.62				16111110.69	5735412672	3456689675	504383902.3		400775817.9	17049730705	28925512653	427877838.1						2006347290			7870713.234	1700000.048	10484481098	3098000000		28421128750		106917976.4	58211399.08	5970436.096	9575357971				70400001.53	13708147.05			185221130.4	1170000000	13450206.76		13890889.17	10000000		708941406.3	280263204.3	157823577.9		761847595.2	38664323942	45008323942	39011703.49	720183392.1	2006266968	109699996.9	87000000	1465000000		5436425.686				4478965820	33799999.24	102259079.5					2628306.15	5571348377		61900001.53	142067581.2			27072.385	366278900.1				1784768811		1792273252	1206836261	310000.0024	500000			152504684.4	112819404.6		7504440.784	385000000			26874572.75	973244506.8				23958236.69	3388235.331	551043640.1	3246000000					11371398045		1170000000		15629630.09	1000000			8211442.947		67870099799	43000000	1498199951	135594375.6			848635.8523
1/1/1991	2569832.325					9774454435		19120000.84			3048148.155	2484919434	772377197.3			3972553223	117970527.6	112967811.6	769365722.7						15600000.38		3400000.095	1110000000	45150001.53			83500007.63	141790.2112			987244201.7			389820000	41473640.44	7337643.623	4349258.423	881000000	10095548.63	62366531.37	13399999.62	289285735.3				65672111.51		4823001953	13121690.75	4959259.033		329500000	1290000000	3640387218	9962146466	2819000000	34372087318	56000000	4054000000	28072249862		2136283691		9758454.323	30368311874	1589682722	101185310.4	19179191.59	4619512695			1595029.116	2089116943		6199999.809	13600000.38		1166666.627		2173000000	8277777.672		178899993.9			40218549714		82599998.47	838074883.7				130000000		3289109375		277613403.3	1200000000		65318412.78	876799987.8	3698942383	181300003.1	447906097.4	508114349.4		124080001.8			6058005.81	1488888.86	2677600098			6692957142	10399999.62				17737037.66	6771510485	2937649943	473362236.8		442093994.1	17335480976	31850217851	437078704.8						1990340576			13130938.53	1799999.952	11826037401	3030000000		31376855614		93014381.41	42017990.11	1552868.009	10868207720				55599998.47	11739461.9			130178665.2	1300000000	13797774.31		13019886.97	66000000		672398986.8	232575272.7	174230819.7		651125366.2	39985974442	45834974442	39011703.49	740485968.7	1548698364	108099998.5	148000000	1850000000		21015235.9				4717690918	42400001.53	88060342.31					3547338.963	6051067456		45400001.53	162562484.7			27764.2179	475234924.3				1778598315		1785918440	1117832046		4099999.905			206945068.4	108643890.4		7320125.103	350000000			28971286.77	1019360107				18764524.46	5176470.757	524539367.7	2819000000					14041374639		1300000000		2448148.251	2000000			9058620.453		72068767566	35000000	998299987.8	129111648.6			349842.1311
1/1/1992	2625698.328				151800003.1	12849686882		15399999.62			2714814.901	1926091797	815280883.8			4475618164	136306823.7	128813964.8	911759948.7						19750000		3799999.952	1791000000	54500000			93993293.76	150354.7579		38299999.24	1044645752			619380000	49518871.31	25010219.57	4321748.734	640500000	15999876.02	76012992.86	14199999.81	324093971.2				81192558.29		4920209473	13121690.75	5174074.173	464252471.9	346600006.1	1390000000	4128993003	10166173545	3159800003	36849183953	75000000	6104000000	29691745056		2636531738		15019130.71	32421526398	1914074083	103113151.6	22688095.09	5213012695			2314175.844	2033339478		7300000.191	9229999.542		1333333.373	1318514.585	2531000000	8596296.31		230600006.1		1019999.981	42849625248		112000000	1095631047				229000000		2897425537		322315094	1196000000		63823406.22	1160199951	2970147217	215600006.1	843659606.9	581996643.1		114839996.3		9000000	6023581.505	1474074.125	2926699951			8283149168	10800000.19				2059259.176	8368428461	3322684925	542737916.5		547805053.7	20945672878	37334663296	455431884.8						2170446289			15214864.73	1600000.024	15046543035	3700000000		36791925380		116550643.9	30490085.6	279829.0849	13816841295				58000000	50134010.31			153098281.9	1796000000	15708196.64		18172077.18	56000000	10000000	792309875.5	248053363.3	189878479		602392150.9	42601571884	49309571884	39011703.49	798288869.9	1573619019	102400001.5	240000000	2538000000		20734443.66				4762224121	63900001.53	104135476.1					1844128.847	5932209558		123699996.9	175676010.1			65673.314	694308776.9				2013670269		2025749992	1226518317		4599999.905		38299999.24	232189392.1	110693702.7		10761208.53	550000000		204010.8591	16245307.92	444564971.9				21334543.23	6564705.849	531413696.3	3008000000					15846252502		1796000000		2040740.728	2000000			14089256.29		80184288544	40000000	1018200012	119277252.2			587726.891
1/1/1993	3351955.414				332000000	11791714151		57700000.76			11629630.09	1101867798	768971069.3			4580757324	108893981.9	117222412.1	1007375061					400000.006	16500000		4199999.809	1247000000	55349998.47			74285774.23	158919.3046		498856128	1052437988			631380000	57564102.17	20341670.99	4294239.521	467700012.2	16029796.6	76491363.53	16000000	426977761.2				79412124.63	138067474.4	4393696289	19035453.8	13737036.71	449906005.9	758099975.6	1140000000	5019496591	10617677683	3253185000	35571052038	202919998.2	5664000000	28249217233		2321499512		18379999.16	31066681543	1728075849	77051124.57	26138704.3	5031930664			3033322.573	1768091675		10100000.38	4860000.134		1500000	912399.9476	2655000000	18359258.65		240800003.1		1210000.038	41229717516		63799999.24	931690899.2	230029007			346000000		3522788086		297324707	1500000000		57867332.46	1263300049	2670604248	239199996.9	1040150024	776544982.9		118139999.4	1784999.967	9500000	6101757.05	15122221.95	2886800049			8617896057	12100000.38				15429629.33	8782597260	3334967159	563155353.7		632381958	21629219652	39218015742	400755218.5	34529.8834					1959089111			13543858.53	1299999.952	14486970846	3979000000		38654860389		125616882.3	25454542.16	28537929.53	13159204551				59599998.47	2268102.407			175595687.9	1820000000	14536033.63		15870740.89	793000000	25000000	901634399.4	539844999.1	166334716.8	54825103.76	832968261.7	40689872517	47587872517	39011703.49	690906424.1	1446277100	108699996.9	289000000	2587000000		20446674.35				4315121582	94599998.47	97246846.2					3931029.558	6664947309		75199996.95	170008346.6			57801.5745	795747558.6				2503286234		2504488123	1215131032		3500000	78525115.97	52200000.76	231370147.7	82737571.72		289489.5971	352000000		321370.1546	11717650.41	1111689453				20963012.7	19547395.71	446329986.6	2919000000					17025640736		1820000000		17392593.38	2000000			12043372.15		80447733258	32000000	1038599976	101700241.1			1125808.835
1/1/1994	3910614.491				307100006.1	10391224182		62400001.53			11948147.77	1276966675	844941223.1			4612880859	89481948.85	80346946.72	1150881226					400000.006	12968000.41		4500000	2068000000	57200000.76			69878875.73			1457057400	1212114624			857000000	110409729	11401200.29	4266729.832	968350463.9	15232992.17	85453643.8	17100000.38	728348661.5				81269264.22	164007873.5	4408901367	13549326.9	13285184.86	438739166.3	797500000	1395000000	6332859250	12725846067	2946502006	40061507750	276230011	3672000000	27368177879		2631302246	2905014.753	24625669.48	31156629386	2053212166	66893753.05	29642278.67	3953913330			3752469.063	1968876343		15699999.81	490000.0095		1666666.627	506285.2502	2886000000	26159259.8		284500000		1340000.033	47298502128		89000000	931406176.5	375509002.7			449000000		5856694336		323624603.3	1200000000		47506656.65	1602300049	2419368408	522099975.6	1093903320	874147338.9		137279998.8	1001999.974	11300000.19	6899648.666	17603704.45	3087100098			10996443295	10000000				21781480.79	11178290894	3326914606	523964750.9		715192443.8	23553246068	43530025869	319651458.7	743072.0925					1827395508			12743958.47	2173581.839	13089742675	4121819824		43006061118		103187164.3	23547245.03	41800518.04	11424883678				54799999.24	4895812.035	118000000	766905.8442	119271873.5	1943000000	14898057.94		6903759.956	550000000	50000000	984060730	5265730857	170302322.4	50118518.83	1154772705	42032771271	48781591095	39011703.49	722128624.2	1749277100	112000000	473000000	3452000000		19904487.61	581000000			3805934326	147899993.9	91660984.04			11000000	4563000000	12528777.12	9524337206		107199996.9	113831893.9			55902.1309	971731323.2				2305000433		2305803404	1542138270		200000.003	48492443.08	273399993.9	249319122.3	77068580.63		296685.5168	535000000		724057.2572	15306066.51	1280921387					26785129.55	628735473.6	2627000000					19452815050		1943000000		16977777.48	2000000			18119056.7		90828527997	37000000	1059300049	98765754.7			43685417.18
1/1/1995	4413407.803				427299987.8	10852963785		63599998.47	65349998.47		3333333.254	1651104980	1012422485	3000000		4936722168	100134346	78178306.58	1201664307					28500000	13896499.63		7400000.095	3315000000	60900001.53			59158649.44			1919293795	1473188477			891200000	151057266.2	11239141.46	4239220.142	815117614.7	12212938.31	105860862.7	123300003.1	876348390.4				48627365.11	190526641.8	4522595703	11889422.42	13433333.4	522927185.1	839200012.2	1120000000	8931459229	16875658813	3978512985	43954034533	386119995.1	3226000000	30828459964		3236851563	1283825.04	27359668.73	35727235721	2758948287	74258865.36	32922492.98	4639997559			4471615.791	2469017578		17209600.45	740000.0095		1833333.373	100170.6049	3286000000	37755554.2		357500000		1700000.048	51044669199		124000000	1363935777	544168029.8		151577392.6	651000000		6222996094		346958831.8	1600000000		62606613.16	701200012.2	2363702148	653099975.6	1441217285	1150964233	116099998.5	298320007.3	1243000.031	11600000.38		20229629.52	3490500000			13232835587	22100000.38				23055555.34	13418819429	3862190172	542836330.2		808948669.4	27419277718	51371574179	410530365	1095000.029	729768310.5				1969500610		1019999.981	13805692.67	2365778.923	12809451022	4368120117		50828737849		112110939	19148345.95	81385116.58	12050090960				59099998.47	5448170.662	132000000	523432.0164	115796005.2	2179000000	15604817.39		7705122.948	804000000	75000000	1358864624	3340538351	238739181.5	56822666.17	1651630371	47704130848	55399250965	39011703.49	839083910.3	1712219482	112000000	599000000	5360000000		15668252.94	724000000			3952520264	286799987.8	87430068.02			9000000	2501899902	21126523.97	10005016997		346200012.2	146028701.8			23721429.82	1063899902				3173658422		3174262585	1802862369		266666.6806	25742912.29	271899993.9	287558929.4	82551963.81		503992.5575	339000000			15021583.56	1695279785					31507471.08	679883667	3327000000		840348.1841			23409460132		2179000000		17170370.1	2000000			13507575.04	582099975.6	1.02416E+11	41000000	1080500000	105324363.7
1/1/1996	12122904.78			5142000.198	550900024.4	10855496317		65000000	83860000.61		12274073.6	2159244873	984293640.1	4098000.05		4947035645	86208175.66	76009666.44	1344661255	41500000				350500000	17250000		13500000	2527000000	68199996.95			50117370.61			2126767731	1390360962			1881220000	147003509.5	13409964.56	7819335.461	753036315.9		100349716.2	130770004.3	976668819.8				49323280.33	111502960.2	4344374512	10944120.41	13751852.04	687658142.1	962700012.2	880000000	9831113974	18891378379	4847768021	45745113406	488959991.5	3107000000	31144879408		3495279053	1684442.043	16012210.85	36434387846	2660672295	145460571.3	33421222.69	4534391602			5727663.04	2519045410		27500000	1072000.027		2000000	164206.0429	3079000000	41277778.63		375399993.9		14600000.38	53048512919		157300003.1	1309160592	667913696.3		168633285.5	796000000		8765693359		362407043.5	658000000		73554176.33	639200012.2	2584664063	714099975.6	1701833618	1227739136	89099998.47	288420013.4	2440000.057	11600000.38		21188888.55	3633500000			13363883682	45400001.53				27392593.38	13574795799	3976455716	512423498.7		851579711.9	29744113467	54748368561	387653259.3	2575000.048	710613403.3	40770999.91			2165473633		87169998.17	11324094.77	2707756.042	11946733690	4949000000		54235945063	67779998.78	110719833.4	19922565.46	123632652.3	11248611113				61000000	4365200.043	160000000	647354.1856	164153198.2	2181000000	13513672.83		4498072.624	947000000	95000000	1753702148	3800886191	308864868.2	44160125.73	2039780396	49247626728	57738626728	39000000	809395282.6	1284050293	86199996.95	597000000	4875000000		15166875.84	774000000			3789194092	297299987.8	112991539			18000000	2769600098	13181734.09	12292852501		221520004.3	150479202.3			25300834.66	1083837769				3164139271		3165007705	1899055641		333333.3433	20787353.52	279399993.9	301254943.8	75513290.41		704227.6859	313000000			29371377.94	1805949707		4420000.076			28126253.13	735559753.4	3542000000		19318017.96		6000000	24491831596		2181000000		18174074.17	4000000			35570316.31	542299987.8	1.07797E+11	44000000	1134500000	101941696.2
1/1/1997	2011173.248				300299987.8	11656405961		65699996.95	136139999.4		15944444.66	2118058838	915090698.2	5196000.099		4328916992	71237251.28	73841026.31	1526499512	50599998.47				294500000	22700000.76		84900001.53	1982000000	77000000			48157325.74			2151631156	1208285645			4965860000	136378585.8	26585256.58	4574507.713	773519104		76416557.31	130100006.1	1013777657				47674892.43	85286109.92	3857808594	11473039.63	13888889.31	852389099.1	1142199951	1060000000	14655600348	23493509101	5550075992	49593581131	647719970.7	3697000000	34381742460		3528016846	1737374.187	9232460.022	40292525358	2872696932	235253967.3	35326511.38	9741086914			6145602.703	2882998047	284000000	26000000	1480000.019		2000000		3062000000	41344444.27		408000000		15000000	56102284466		190000000	1577521244	617587219.2		213255065.9	725000000		10330964840		314160644.5	400000000		69672531.13	664799987.8	2283298096	729799987.8	1818899902	1345409546	59500000	351779998.8	2740000.01	11699999.81		22451852.8	4364100098			14120806401	40799999.24				25222221.37	14351113759	4295477300	431682237.8		942391296.4	36103268938	64870547856	378746521	2927500.01	649018920.9	45708999.63			1893334473		114410003.7	12184519.77	2452076.435	12315456936	5545799805		64438865618	77690002.44	91724876.4	16544382.1	148588317.9	11595112566				63599998.47	2693388.462	168000000	744944.6321	194441070.6	2270000000	13303062.44		5335212.231	1920000000	150000000	1495064453	3267219198	288915985.1	49458057.4	1010340271	52835065268	62577865073	39000000	791553143.1	1707282959	64300003.05	636000000	6799000000		13949213.98	848000000			3586904297	298600006.1	97855496.4			16000000	2267250000	5236945.152	14559048741		419600006.1	150465316.8			6060933.113	1199486084				4389903808		4390122655	1903186296	800000.0119	400000.006	29128894.81	241399993.9	344667358.4	83840110.78		218847.0364	238000000			26259729.39	1658406250					30199890.14	684505188	4197000000		1586283.803		12000000	28335596680		2270000000		19825925.83	17000000			15528985.02	623299987.8	1.20973E+11	47000000	1168599976	205893386.8
1/1/1998	3016759.872				504140014.6	12025939235		68500000	92410003.66		22200000.76	1781556885	1416633179	6294000.149		4204201172	90326026.92	71672386.17	1606076782	50675834.66			2047749756	315200012.2	23399999.62		88400001.53	1642000000	87400001.53			43408946.99			2672101038	1226985596			3136460000	142567581.2	37512725.83	1937446.475	805925048.8		73741554.26	128100006.1	1078884171				48278804.78	349619689.9	4263812012	11940063.48	14622221.95	765494262.7	1405800049	1060000000	11250424261	20283907660	9090913255	54200713608	798719970.7	3370000000	35402300082	2691628.456	3934079102	2644206.047	27313236.24	41653215450	5986342085	375411987.3	25920862.2	10021054690	48479999.54		5563166.618	2994852295	372899993.9	29500000	4980000.019		4007030.487		2673050049	42381481.17		456500000		14000000	57353007076	153640899.7	225000000	2320368234	625310302.7	327299987.8	220400360.1	958169982.9		9479300781		273664886.5	680000000		75770301.82	445600006.1	2115472900	757599975.6	1623836426	1239040283	72300003.05	347820007.3	24695999.15	119667999.3		24640741.35	5599799805			15810072844	50000000				25922222.14	16077397876	5092614783	931897405.4		1023462891	33862486562	65807792629	294634185.8	3424999.952	656584228.5	49400001.53			2010741821		124309997.6	11462127.69	2450000.048	12483416353	6501246094		64875895224	63237640.38	84462837.22	20684267.04	137333068.8	11978132079		5500000		46299999.24	2207179.546	180000000	746886.7302	189584335.3	2437000000	11215052.6		18782890.32	1544000000	200000000	1463759155	3180758303	300609130.9	67504905.7	259445526.1	54172248773	66029494867	39000000	705986237.4	1172000000	58200000.76	647000000	5130000000		9713940.62	1070000000			3628518799	286000000	89528137.21			49000000	1925099976	4277427.435	13350795360		686599975.6	147418823.2			20330604.55	1339805786				4327454829		4327568850	1874398546	500000	1350000.024	23825639.72	227800003.1	125562622.1	78412216.19		114020.9287	220000000			18571008.68	1424466797					44567527.77	718347290	5356000000		11500422.48		12000000	31013408662		2437000000		20799999.24	17000000			21607275.01	1080866455	1.23161E+11	42000000	1202400024	282991455.1
1/1/1999	6368715.286				407200012.2	11729180621		64300003.05	94650001.53		21838888.17	2029415405	1809788330	54492000.58		4466878906	76647827.15	69503746.03	1806794189	42528018.95			1903437378	208500000	26229404.45		96000000	1862000000	99349998.47			33820636.75			2351795071	1221534912			3686780000	137560699.5	26221248.63	11666412.35	1312052368		79102668.76	126482719.4	1148536810				49728542.33	318178131.1	4329337402	11563068.39	15644444.47	803208190.9	1631099976	790000000	13652036258	21883802401	7989481710	53604284912	1089520020	3235300049	36226588564	3634005.547	4641490234	2314639.091	33729644.78	42845975485	5956863708	443613006.6	24420892.72	9307285156	50040000.92		4247204.304	3400120605	360799987.8	30700000.76	6015879.154		6014061.451		2284100098	44481479.64		465600006.1		20500000	58934469927	130454559.3	328299987.8	2871996436	557114074.7	422049987.8	213245529.2	1109000000		11124281250		295185028.1	508000000		85230224.61	486200012.2	1998557129	790000000	1751621948	1109165161	64000000	431640014.6	18477300.64	106445999.1		26088888.17	4705200195			17601770202	600000.0238				26544445.04	17891116696	5593768317	1259266102		1072390503	37182875657	70277964719	275937530.5	2994999.886	651565795.9	48599998.47			1938309570		111860000.6	11621994.97	2196854.83	12085447559	6648706055		69018698617	76537010.19	86308387.76	27166900.63	136394622.8	11533080646		7199999.809		38000000		178000000	746883.9288	322894744.9	4246000000	10229249		26628265.38	1301000000	300000000	1977870239	2484592707	287757537.8	83462783.81	257530822.8	56449877220	67631583275	39000000	671880238.9	996000000	48299999.24	670000000	6717000000		7844246.387	825000000			3644292480	267500000	97742978.1			96000000	1289959961	3317909.718	15085125581		665099975.6	186030792.2		2356276.512	22476894.38	1387300049				4416470322		4416657498	1918160027	560000.0024	2299999.952	20119682.31	225699996.9	363992370.6	70021789.55		187175.3633	198000000			22861816.41	1460133667					54400001.53	761238403.3	4533000000		7200008.869	232600006.1	18000000	31835822960		4246000000		21159259.8	17000000			25965808.87	1115847656	1.29212E+11	45000000	1223199951	327324768.1
1/1/2000	7854748.726				597799987.8	11622999191		86343658.45	87470001.22		20676296.23	1902987427	1804517334	57131999.97		4004603516	87064697.27	67335105.9	1967528809	58235450.74			1607281494	139199996.9	26424777.98		126870002.7	1649354980	115000000			26245557.79			3218329991	1119359009		13300000.19	4821840600	119317176.8	30158308.03	10352872.85	1610122925		86905975.34	135975250.2	1259151087				64266410.83	296678527.8	3643560547	12288925.17	16307407.38	666510070.8	1838800049	790000000	16724222495	25230925055	7899786878	51548853909	1322301025	2852000000	33440999043	3284750.938	4858915039	4052634.239	53158882.14	41027703610	5677257838	472733947.8	44004032.14	8610214844	42970001.22		6050763.607	3613534424	273500000	32400001.53	1166455.03		8021091.461		2193800049	46374073.03		596200012.2		27299999.24	57338573389	135538208	483959991.5	3253639541	641289794.9	578000000	280652252.2	1190199951		12883465820		251908645.6	536000000		87594032.29	400299987.8	1936585083	891700012.2	1845134033	1373886963	121802436.8	537900024.4	8844514.847	120527000.4		27096296.31	4857899902			20021869539	660000.0262			9000000	26440740.59	20347240541	6224482265	1460557287		1165826782	41801331288	78162136037	478087554.9	49942501.07	578533020	72300003.05			2161018799		178600006.1	11270072.94	2196854.83	11938472990	7524542969		76701578750	80920989.99	73163955.69	19973798.75	103622840.9	11479199203		12000000		36799999.24		177000000	746886.1938	342368408.2	4395000000	9450584.412		14424637.79	1391800049	320000000	1157281494	2655710680	270449676.5	111498191.8	236390060.4	54682862709	66767405678	39000000	866755530.9	1075000000	16399999.62	717663818.4	6961000000		7226507.187	1496000000			3494631348	278000000	127991787			96000000	1275199951	6626256.943	17205516458		640799987.8	233485305.8		4323108.673	7134994.507	1765400024				4831541465		4834700474	2253898405	463800.0131	1250000	17878824.23	205300003.1	437804046.6	56885414.12		3159009.218	180000000			34234287.26	1696785400					38100002.29	795953369.1	4560000000		8000015.259	238100006.1	33000000	34900247462		4395000000		22481481.55	17000000		1340000000	34664646.15	1009804077	1.35501E+11	45000000	1288000000	343705993.7
1/1/2001	9765362.74				699299987.8	13112360897		189600006.1	94388160.71		27010000.23	1783247070	1774000488	104125000		3933338623	83602699.28	49915523.53	2104551514	826200317.4			1524921753	149199996.9	30543663.02		135279998.8	1774780029	131199996.9			25919340.13			4229014494	1300720947		11899999.62	6538500000	116004821.8	20310256.96	12119418.14	2056358887		80947120.67	198443420.4	1451683708				104998550.4	256719970.7	3933164307	11945690.16	17143703.46	698623291	1981800049	670000000	19592467270	29184699539	7121580915	54234816614	1420558105	2911399902	35066999743		5093917480	11020698.55	18313718.8	44973634661	5851056602	490572845.5	83244506.84	9193541992	39040000.92		5363974.571	4824936035	181300003.1	45900001.53	8715869.904		10028122.9		2014000000	46714813.23		633753601.1		22299999.24	62229343920	152845001.2	622770019.5	3759695944	746951049.8	623580017.1	296019500.7	1046000000		14273018550		243999328.6	682000000		74369697.57	498700012.2	2265707520	1058300049	2011334106	1983846558	171272735.6	550000000	11113728.52	132503006		27801481.25	4831700195			24170170479	694575.0117			10000000	26867406.85	24627353365	6716698648	1683967523		1184989990	46718056249	87896894630	401579681.4	79150001.53	576465942.4	112400001.5			3260920166		243320007.3	10871295.93	1823118.806	13567651429	10146262700		86212927107	73439224.24	88167266.85	14190495.49	117284111	13015749218		25000000		41817001.34		215000000	746885.9553	367105255.1	4513000000	8815530.777		21972925.19	1166599976	335700012.2	1357387939	3138550560	278971191.4	146985153.2	840593444.8	59090793360	72023056060	39011703.49	816643564.4	1461000000	73099998.47	753211425.8	8769000000		5924500.942	1563000000			3647590576	263799987.8	238008311.7			116000000	1402890015	7850030.422	19172368326		739599975.6	304678405.8		4528052.807	6567667.484	1926000000				4824558424		4826349277	2506335584	553670.2871	200000.003	21152959.82	200399993.9	578184753.4	52876461.03		1790853.62	170000000			68502540.59	1252447510				52532852.17	40900001.53	927148376.5	2786000000		15253000.26	348574798.6	141000000	39494870859	6038.0301	4513000000		22702592.85	19000000		1100000000	52702899.93	1066388428	1.50126E+11	45000000	1294612549	297390441.9
1/1/2002	8910614.967				733570007.3	16101259662		206630004.9	130979736.3		17575500.49	1772369995	1985329834	181707000.7		4674135742	76230842.59	58734134.67	2858057861	1176951538			1525774536	140300003.1	28430210.11		112900001.5	2448964111	125060997			27150941.85			4564604992	1372116699		12399999.62	10292581917	120092422.5	35397010.8	1176490.545	2479942627		85079681.4	250646484.4	1720056614				61628959.66	334494995.1	4684905762	14956027.03	17407388.69	784859314	2194300049	1070000000	25398933193	36739819721	7157587379	56383347369	1438022827	2893100098	37553263035		5582690430	19148981.09	32986892.7	47391831669	8735102666	476682647.7	99449722.29	10363687500	39750000		2846533.06	4484412109	230453414.9	43520000.46	15189999.58		17631574.63		1658932495	47562961.58		1600192017		51000000	66143718078	120529563.9	817830017.1	4563995489	438744873	675659973.1	278989471.4	1258917603		15735736330		316105773.9	851000000		73379310.61	409399993.9	2262829590	1260300049	2143018799	1821143433	204929046.6	433000000	36716598.51	139651001		28593904.5	5529899902			27839315018	729303.7772	2544451416		7000000	26778566.36	28372639039	8495329974	2500732625		1309079956	54242181471	1.05701E+11	389541656.5	109248046.9	809884338.4	138399993.9	208095336.9		2877152588		323739990.2	29323596.95	2012192.011	16407325580	11029448240		1.03201E+11	105902710	137653686.5	23355926.51	106488113.4	15935557956		56312149.05		52554813.39		215000000	843693.614	435000000	4570000000	7959585.667	332715301.5	18965887.07	1208900024	376500000	1214391602	3801716467	332634796.1	678485900.9	1148155151	62342001611	75307449851	39011703.49	809624760.7	3554000000	84599998.47	705382507.3	9735000000		5622274.399	1685000000			2931278320	201500000	218635348.1	407977844.2		143000000	1359354980	7210000.038	24137372240		977690002.4	344496490.5		3743440.39	21815454.48	1953699951				5232631814		5234611729	2748316723	797330.5583	15100000.38	24427095.41	216199996.9	512116333	44669322.97		1979915.023	135000000			103212654.1	1379995483	78562797.55			66345062.26	79099998.47	1070313232	1936000000		12000000	422582519.5	209000000	48958483504	36053001.4	4570000000		23147037.51	19000000		1770000000	4097123.146	1035565796	1.71845E+11	45000000	1294000000	288378570.6
1/1/2003	10072626.11				888748596.2	20545250749		273420013.4	167704055.8		19705570.22	2326161377	2496145508	170957000.7		5989346680	55357849.12	53747390.75	3191664795	1718485474			1749033447	222399993.9	33846977.23		158166412.4	2821291016	130500000			38872653.96			6438535095	1706117920		11800000.19	14542468994	141603500.4	75512695.31	12388155.94	3076018555		108537910.5	320879547.1	1939263244				84279823.3	498422363.3	5783479492	24667879.1	17816295.62	940572326.7	2325399902	1750000000	31149923063	43161189024	7368282524	65132203823	1633427002	2960899902	43915957317		6567820313	51207275.39	46470191.96	55941664806	11920399780	525954284.7	124226890.6	11310732420	44380001.07		5989329.338	5029055176	235979049.7	65100158.69	111046020.5	56494812.01	23126277.92		1563793457	48567237.85		2146959961		99300003.05	75773147116	119691116.3	883457458.5	5561092274	516599182.1	811000000	294864593.5	1488709351		20999150390		337132690.4	1178000000		96356658.94	423299987.8	2140265137	1398400024	2201128418	1077916626	147501953.1	538000000	78157081.6	138265502.9		29933347.7	6304100098			36261209626	765768.9452	4742999512		8000000	27371644.97	37093194479	9733143804	2823447831		1437750000	64592672605	1.31814E+11	556885986.3	114833999.6	1021912659	173100006.1	161150863.6		3613916504		486630004.9	16231548.31	2012192.011	20949758962	16653685550		1.28991E+11	173661468.5	153798950.2	26808200.84	85281295.78	20460639070		128600006.1		69478279.11		215000000		571052612.3	4672000000	12216717.72	448435821.5	25481748.58	1062800049	438799987.8	2024011841	4514847406	391700592	771072143.6	1065288330	71258299710	88640985260	39011703.49	1115705627	3964000000	106800003.1	868500000	10243000000		6931479.454	2284000000			3042111328	222100006.1	237497711	508521728.5		124000000	1452994995	9615551.949	30365649521		1223599976	510932281.5		3881133.318	25889259.34	2122399902				6208263847		6213118959	3292466582	1821460.128	23500000	424822204.6	238199996.9	619708374	65225296.02		4855111.599	889000000			148687118.5	1607350342	146024398.8			60394313.81	86800003.05	1250253906	729000000		8899999.619	298785186.8	330000000	64397847215	61753292.08	4672000000		23522140.5	208000000		2100000000	3995373.249	571872924.8	2.07587E+11	45000000	1269900024	434367492.7		36299999.24
1/1/2004	13039106.37				1160672119	23626908003		311779998.8	434552612.3		20934959.41	2837253662	2520989014	227578002.9	41783.9959	6865304199	63013359.07	44417327.88	3583817139	1722769531			2072042725	256700012.2	34964530.94		210558670	3575069092	130508575.4			91521476.75			11294091003	1889442871		11600000.38	19578498945	159198211.7	103389305.1	14954054.83	3189709961		113356765.7	319546356.2	2239430040				244929977.4	814529480	6580827148	24741025.92	23150133.13	1075395020	2501199951	2460000000	38501659182	51483748629	9673310913	78853243419	1838041748	3340699951	48658853175		7528310547	166878295.9	133742813.1	66104206630	14210847046	666427002	173231491.1	12277094730			6852364.54	5914622559	303235168.5	82371200.56	41639999.39	60748680.11	27699073.79		1241897583	72192588.81		2627500000		153009002.7	88506244326	239856567.4	1175135376	6686124540	664671203.6	931539978	1716792236	1866314941		18750376950		413908020	1032000000		112112754.8	714299987.8	2173982910	1623198120	2330324463	930580383.3	165835662.8	620000000	188672546.4	177399993.9		31303939.82	6569799805	623994384.8		42762545453	804057.3597	5591436035	58446876.53	10000000	28650369.64	43581508199	10919303243	3183372396		1589569946	70436709091	1.51113E+11	627204895	324496734.6	1129977295	229399993.9	355107116.7		4220835938		705239990.2	11506653.79	2900092.363	24001397665	19861748050		1.4793E+11	213016052.2	155463485.7	31139625.55	117792945.9	23216946348		202500000		57518516.54		215000000		801868408.2	4734000000	15236835.48	492708160.4	59712108.61	2272699951	518799987.8	2164283691	6528961865	464972473.1	822608947.8	958420959.5	81977282461	1.02643E+11	39011703.49	1275967097	3945000000	108900001.5	1132713623	11471000000		9526646.614	4728000000			3304452881	238199996.9	344077267.2	598362793		132000000	2495106934	9810000.42	28694273075		1402949951	632895324.7		8696490.288	24714834.21	2564100098				8264588794		8271397104	3859474404	1100000.024	9100000.381	529053527.8	265500000	676573425.3	82797576.9		6808310.032	855000000			179017074.6	1621875977	252002105.7			69291267.4	86900001.53	1431351074	804000000		13798418.05	310532470.7	411000000	77493242278	69896163.94	4734000000		25517818.45	143000000		2310000000	4930016.994	637958862.3	2.3962E+11	87928001.4	1282598999	522837402.3		48400001.53
1/1/2005	819846.0963				1289704316	22641044383		432090000	915231161.8		18305488.89	940407766.6	2314592277	623235000	71562.16161	6887659698	146880908.5	56642283.34	4642385284	1612912427			2037731948	198600000	44693322.84		337040056.7	2805358000	94455423.8			117891862		912162641.3	21152320540	1721477365		13000000	3337061829	163173835.6	76988535.8	11375094.56	3345610321	54034199.48	136648795	420346410	2345027436				104817181.3	1459751010	6867132630	25849505.69	21772344.44	866760781.7	2719200000	170000000	28820900244	37616140040	17811214358	85148156374	2460000000	5017300000	42570360937		1135849455	264098327	173519405.7	67881949788	13553185599	692623967.6	203690929	14212232287	80282305.11		11028154.17	6045166080	446005398.6	99184576	41570000	59304087.54	19898832.08		1220107040	26836111.11		3066600000		201289000	83300896998	296761189.3	1805194920	7420886638	1561715801	986154000	1912955034	5419620729		22125089480		512570605.6	1032000000	711100000	65746507.43	376900000	2318103145	1761628767	2420874471	904981240.7	62021921.33	424991045.9	313250258.3	163700000		30266233.33	5178400000	701311147.4		48172212451	830000	4924310615	31854955.65	15000000	27063248.15	49078289833	12184166282	3939480596		1975536000	1.00687E+11	1.71956E+11	599357676.7	745404993.8	1198976815	1209018871	53150239.34		4589226820		915080000	115167526	2257250	23325644435	22741840917	23743313.99	1.68017E+11	226568479	177186056.2	33522637	129488927.9	22782270363		180360000		58891885.44		609194.4962	22531928.65	1116972560	5707162641	17561579.06	512232802.1	66369885.04	14640084347	615700000	1259338276	9628859238	505278425	1211823253	352035937.8	73672037761	97300878678	39011703.51	1153464097	4280000000	129600000	1440067536	13732557722	1474978.694	6866648.841	6471000000			386758653.6	161300000	396345510.1	557270620.3		4707910000	3436552689	8869470.826	34237091267	93939730.9	703788385.7	788824890.5		7162382.821	2435105.011	3028600000				20132680618		20144781709	3894837043	1500000	3900000	946454076.8	261100000	673417717.9	95421869.76		12101090.91	823000000			192500458.8	1187096316	466652300			68641681.76	92400000	1392672713	887000000	4932020.084	19366300	321808493	2408000000	67330175467	76740390	4795000000		22417496.3	148000000		3150000000	5097613.246	378337238.9	2.55257E+11	81602590.52	1282599000	613577432.4	8900000	52870000
1/1/2006	1036166.002				1359467325	24459833887		541300000	1169173063		19325720.37	1014841491	2098568191	790214000	11470.97177	7266036389	195499968.6	67935880.5	5427515429	1716435981			2148940834	268200000	63811950.79	1182490000	602974070.7	3287162000	87348422.95		2238933.573	103747413.7		1048972564	26657381263	1795179912		2500000	4319492609	166761616.6	129943173.1	13195889.3	3899159914	63141341.97	136612370.9	513156290.9	2542343943				104491879	1687764985	7481395777	28471593.12	22075033.33	982470692.3	3053800000	189000000	32958492657	41819427864	22789883559	97483360564	2933808811	5329500000	46871867097		1281064842	401872373.4	172153314	76805238194	14148903661	690655607.7	204589971.1	15528852905	89055616.15			6105706286	627348779.5	105253248	29500000	63773517.34	25519702.43		1542622996	28443188.89		3700100000		218076000	92565764241	294033632.4	2337191810	9091134474	1611396956	1062869000	2073375397	5722357517		28333642280		539137382.8	1032000000	388900000	80261360.65	488800000	2555838554	1923735274	2793935120	1176988480	83589869.94	570459274	473071915.7	183700000	12093477.88	32834556.67	4826000000	770782187.9		56755462943	4237233	5202237750	78814942.28	16000000	27836714.81	57784940809	13966394899	4671819122		2166770000	1.19588E+11	2.02828E+11	613862804.5	994037928.1	1346732498	1645622939	55465112.19		5451371055		1175820000	174931064.4	2800000	25152253130	26542811528	25993301.22	1.98157E+11	266556404	211841834.4	35589347.05	115168164.1	24483111091		181390000		80032492.16		728800.6949	14789864.42	1365476253	7299462564	16432869.47	537060365.6	78108189.94	16932363435	697500000	1551953525	12176479833	528833099.6	1453231426	334684335.5	80389284407	1.08078E+11	39011703.51	1171496298	5121000000	157100000	1837494274	15496088457	1542184.8	4416477.365	8486000000			439959258.6	336000000	429449944.8	621861790		6673440000	3820374150	28993507.25	42507198068	105740988	800828762	925242208.8		10741652.56	15622339.18	3482700000				23334315832		23347585392	4143290186	1600000	2100000	1088161109	279273595.6	596780801.2	95655068.59		13269559.89	795000000			232168591	1333073680	1018843200		3642322.26	78750426.1	91200000	1510039255	1146000000	3663470.196	15380675	411000000	3102000000	78568619780	88933000	5068000000		25557081.48	165000000		3800000000	4989726.638	464056317.9	2.95394E+11	87085734.27	1282600000	691930201	12800000	57680000
1/1/2007	5195530.726				1468020000	29515109288		606430000	1644375091		20783287.04	1341851616	2448816828	1267735000	189948.9405	8993449720	240475668.6	84324642.28	6562316322	1693553171			2686415541	288300000	73119263.19	1450138212	1055366582	3305694000	138674184		2933039.377	92200365.55		1152168380	32141301872	1795617230		2500000	6833129702	184692541.2	167338949.6	14814296.04	4460194477	73947642.41	138874466	617920087.5	2890072318				142194567.6	1896648329	9769269072	28640397.03	22482585.19	822839776.3	3397000000	99004563.35	39729508401	49519844368	34184361205	1.22858E+11	3341337813	7655800000	56744773336		1676766649	410988381.7	357838225	91579886190	16097353337	766341618	183227689.1	17589390548	109177969.4			6556335761	883065426	117363712	15070000	55662540.37	43030269.35		2483721084	28624935.56		4236200000		278496000	1.08248E+11	316866690.1	2613644663	11357355617	1853996367	1222089000	2308786595	6174340000		37216755275		589519992.1	1115000000	3100000	109983885.6	579700000	3062875098	2122091021	3326376299	1383930644	142991414	645207871.4	704004667.8	185800000	12930468.06	36129648.52	5129700000	918677312.6		60814945643	6203732.835	5769240000	61977178.09		28605818.52	61981534293	16793628084	5852886958		2507300000	1.46198E+11	2.4403E+11	638151924.2	1433362396	1472944290	1812045997	54385821.93		6730472441		1491260000	301206541.5	7934160.761	30185797988	26879863160	25141959.52	2.38177E+11	345010224	343921185.4	49647092.99	81009057.89	29393896953	196461255.7	178029700		99385835.74		703594.9697	21013554	1556236305	7821306592	15703734.16	491186424	79350377.25	18011296670	739600000	1630452207	14399498811	616676514.8	1733858518	383652892.2	93848867762	1.21977E+11	39011703.51	1406574837	5998000000	180300000	2130814663	16437434092	1529496.47	7587647.871	10468000000			610067159.9	340786000	444256143	688761877.5		8461000000	4666328417	121489624.6	54029097315	123542238.5	999710750.1	1191799684		12632927.02	41973856.38	3709050000			3764731402	25877771373		25882535759	4740903298	2000000	2800000	1482651597	320269037.9	773952854.6	95122183.17		4764386.257	1030442463			284449089.6	1635037143	1690760700		10444877.88	100996049.2	109400000	1715757367	1248000000	5604763.152	25461384.4	451571875.9	5290000000	91979021490	96476000	5219000000		28865574.07	151000000		6180000000	5543183.072	598543423.2	3.52278E+11	96649607.41	1321520000	792351190.6	8800000	59300000
1/1/2008	6759776.536		105686038.8	82084000	1495038254	33883862249		697560000	1904067123		21828402.59	1526025147	2670723208	1518327000	3645216.677	10479604488	207025261.2	99340057.87	8940611606	1918650334			2717663874	583300000	76489003.31	1390779867	1134718447	3642585000	101160650.8		3548930.805	46823207.77		1195072048	33601895494	2214728946		2500000	9136546900	198916275.6	162014623.8		4826851232	100916920.8	155111487.1	604768805	2873980045				234350297.5	1134443633	10974182809	30328436.14	22686333.33	1295450668	3605500000	103631887.2	45735041002	58081430386	39999461944	1.41194E+11	3088633129	8694000000	68253715061		1840487466	362263000.5	386696265.8	1.03769E+11	19333568443	907695257.6	146701712.8	20085329314	136569580.1			5995100746	1065021296	126104704	61520000	64811558.97	49460552.25		2686635042	28850324.44		4459834145		273896014.3	1.23851E+11	355347245	2821344123	13416123441	2065174195	1369753973	2522151760	6794200933		49977276916		633286387.2	1115000000	70900000	120047898.1	628400000	7355322874	2156589500	3510160301	1732378923	125570547.4	667317334	1223272673	187918000	13306453.74	40099242.22	6952400000	1042304236		61837394372	17774603.43	7180590000	58122231.58		28904014.81	63046714444	21964732161	7656356240		2924500000	1.747E+11	2.80859E+11	575859232.3	1565411912	1630100567	1920347682	51598913.44		6894287729		1888020000	374708369.9	6265651.333	34200208689	26041489182	23064845.28	2.73203E+11	406625951	430990922.1	264489450.6	54744020.17	33052120868	298091312.1	224595247.2		115743972.1		633706.4276	16674175.28	1329070850	7949851915	13550941.35	544222382.9	93726010.31	19205913453	819900000	1649096690	16493495524	684970950.4	2727140487	421363024.5	1.07358E+11	1.35057E+11	39011703.51	1458856603	7039000000	244600000	2443644585	18850672419	1604639.526	7370129.249	10475000000			640935637.5	362630000	411552244.2	763053748		9285000000	5736969990	67797403.41	71724029631	216186666.7	1590626089	1476110411		9141559.768	22578606.73	3754750000			3544491743	28511449101		28514610918	4744388892	3000000	2200000	1973194631	380258345.9	824768700.4	89637366.06		3161817.722	1325013920			337059465.3	1897940174	2544017600		17655481.51	93854711.33	94500000	1976964229	1658000000	5963465.678	36819747.78	723521002.7	6782000000	98503596683	107912000	5364000000		26776559.26	137000000		6805000000	8906629.699	740724365.5	4.04711E+11	109008226.3	1410520000	783693527.8	14700000	68195000
1/1/2009	9050279.33		152206607.7	162358.5	1318476280	31754287807		620589349.9	1439809232		20658718.89	1334648953	2590913674	1254645000	28232147.76	10638406006	125950289.5	95987539	10520653006	1591794628			2127033059	503800000	78578401.6	1346066952	1057930000	2889159500	114476089.5		4866701.168	15209037.63		1159964947	24645083031	2341619109		4400000	9209489821	315078177	184370028.7		4124862554	100004975.1	136748572.5	513091873.3	2624814917				127018507.4	1196075195	12334845295	32466619.03	22138522.22	1218903517	3414700000	150336961.5	46888261726	57764065784	31848598489	1.26842E+11	2742436211	7149600000	66757762049		1523317946	339783596	261601951.5	93415292005	19097216380	874721330.1	171243337.5	19649124830	138741437.4	17349541.57		5242981857	1111619713	114455680	52030000	79801153.13	48850413.82		2020323914	27652595.19		4019356531		262065845.9	1.16301E+11	347792446.9	2477339131	12639112129	1890465246	1375546872	1747486765	6792907280		49203912009		572776736.9	1071800049	152000000	93982238.37	507000000	7035548242	1889494349	3465211268	1594532178	198201187.6	631460883.2	981964002.5	142213500	13183382.8	38803150.74	5982300000	1055270314		54327372764	37576335.07	7558138454	25116904.33		27990070	55476723352	23096612155	7795064777		3336700000	1.70302E+11	2.66279E+11	547926609.9	1239061609	1657324662	1585326208	48381809.27		6269117561		1198630000	337500602.2	4510691.347	32098380345	22075734995	23586551.16	2.58484E+11	381153563	453740407.5	259693106.4	54472032.22	31078275535	302915569.3	199618694.3		111125263.2		660462.9571	16656874.04	1130872358	8246031899	13223622.27	509350010.5	101716210.2	18368329380	770300000	1711771108	14739200354	631471271.3	2983336877	331041414.5	1.01562E+11	1.24803E+11	39011703.51	1512113528	8717000000	337000000	2408698137	19959507639	1590526.341	4754743.552	8174000000			597715494.4	377300000	447403087	727757245.9		4881000000	5105060000	92617966.67	74923185892	214400000	1394395643	1350399223		12514457.31	35896004.04	3402340000			4648133641	27212953992		27229077476	4584331532	2000000	4600000	1670909895	329179889.7	714822749.1	93457762.62		16123483.29	1349880000			334507805.7	2776098382	1748152300		113347853.8	72126793.7	109300000	1964488715	1165000000	4827112.859	39827093.51	781097319.4	5941000000	88181894139	101073000	5740000000		29057174.44	131000000		6020000000	11492043.72	755235907.9	3.8258E+11	119489340	1160000000	862051631.1	19500000	41264000
1/1/2010	4972067.039		342065526	17972037	1156021682	37319232155		639005839.6	1669336819		20197666.67	1864472761	2525936731	1410296000	34498929.51	10350500806	139433078.8	120344771.5	10850211617	1447720000			1822304847	575300000	78134569.59	1261415801	960212746.8	2754111179	81868796.19		8273480.865	22321291.55		1221977597	23410892113	2494622577			13636040942	373477565.8	114858952.7		4030846326	87166995.76	130953166.5	530688786	2826099080				135360518.4	1229063882	12791868748	32641049.74	22889296.3	1077537577	3887000000	196589288.1	56244413427	67572306396	31731448054	1.27468E+11	2599027039	12453100000	67611395188		1575390155	357166726	345150775.5	92586428968	19331508579	847623871.1	173767218.8	19903168862	146392824.3	18066677.98		4951404773	1183935750	135852160	46260000	115699061	45890277.97		1499203153	28475102.22		4231750980		367805406.3	1.17728E+11	339569368.9	2617906839	13714169418	1900192910	1473804721	2069110166	6916051073		53479960083		658163144.7	1181087280	176700000	135455891.9	571500000	7977047600	2026445825	3517042254	1684468955	225556234.3	685757272.4	1266195469	152542012.5	14924960.39	47033062.22	5835700000	996910006.4	4808113.945	55402139954	41774224.63	6914055025	31442777.3		28993654.44	56554008386	25319774563	9308069390		4123130000	1.90624E+11	2.91851E+11	610128813.6	1673400030	1653251140	1257655513	46853508.75		6422542514		1351430000	547034822.9	3159198.48	38114152296	22080259157	22214933.55	2.82543E+11	387931157	472745533.9	229622255.2	114854849.3	37032730223	301052164.6	266242560.5		115777234.5		814358.9092	21767544.64	1102925378	8413393397	15120600.16	491844506.8	134292521.4	19744686093	824800000	1720438527	14876348743	679971540.3	3464092682	370502945.3	1.02852E+11	1.26032E+11	39011703.51	1588786939	9690000000	410000000	2533910907	21556633836	1685461.37	3493553.627	7659000000			517014522.3	409885000	476370754.6	694480922.5		3879000000	5250015385	106467379.2	81960892588	236480000	1100122399	1477678083		14278624.92	44218574.71	3471836719			4117631300	29479589516		29496966467	4891256773	6363257.454	4300000	1591283863	347299022.3	762004471.2	54690323.85		17376950.52	1622538750			336597485.3	3580348295	2305826625		137135947.6	77239589.71	90900000	2063294677	1100000000	3919900.614	344287552.6	770789132	6535000000	91918947597	124891000	5930000000		29055700.74	143000000		8260000000	11768615.44	927139386.6	4.0958E+11	138504771.8	1526000000	1069571381	15700000	43657312
1/1/2011	5307262.57		185349162.1	204751.1	1125664516	38282443021		697697825.1	1798624692		20292610	2449287569	2814617313	1893080000	45463176.87	11065648037	171960451.4		12071073184	1482590000			1958230200	890600000	75323553.82	1175291441	1042996647	2798456999	147293266.2		10460534	20437444.52		1166504288	25493884784	2616776300			16568371453	396603659.8	219254989.7		4101315891	108032278.8	176769811.6	520219673.3	3045852583		150128491.6		126830612.6	1394312633	16994624792	32359709.88	22870140	1357024095	4240700000	202869816.2	62244372616	75612678092	36237782369	1.47927E+11	2680596331	14324300000	77506835613		1693435047	438368956.7	513238171	1.07493E+11	17954082397	751398504.4	160373346.5	22927275764	158411750	19428039.45		5099003471	1547274440	2134638607	64500000	107909707	52110120.36		1186193538	28948812.96		4523758500		412200000	1.36724E+11	351638509.3	2810592536	16519810544	2091751200	1551366394	2785122682	6923970511		62499075445		755493768.1	1329781000	223000000	150807215	594600000	8725598965	2105606761	3368028169	2131729225	179708290.7	934149157.1	1708694028	160444113.1	16257779.43	44674842.96	6582000000	1121647884	5635456.26	58729387859	110297813.1	6913472231	359993842.5		29444433.7	60241769957	27568420450	10858261732		5153010000	2.14851E+11	3.25028E+11	649334950.9	1954156533	1772838181	1504752733	48292708.78		7256310892		1813110000	398371075.8	2997538.939	39883836883	23588480056	22145271.41	3.14169E+11	434124447	784108010.6	226976364	127075981.1	38200253652	343391257.8	279425056.5		129669769.6		518994.6691	25320292.52	1211496096	8445795729	15294143.84	594238509.9	165934780.4	20616891980	913600000	1787607429	17491053798	764994189.9	4216894010	455316355.6	1.19233E+11	1.44032E+11	39011703.51	1726782113	12263000000	368200000	2696961723	23053626019	1967273.556	16955086.25	7712000000			539189029.7	540670000	501751659	755802598.6	573626373.6	3889000000	6103259945	174255508.2	96401859874	243733333.3	441931223.8	1613911186		16928911.05	58811610.11	3643949246			3960170944	33213855200		33239117130	5274386355	6881334.487	3893784.528	1752743846	489086201	4175478082	38126354.81	54083798.88	25261929.15				244134080.7	4554062826	3059871670		136896001.8	78718801.23	126068000	2004498798	1210000000	4582719.141	409563366.2	816231810.8	7822000000	99318151728	128836000	6104000000		29236378.52	138000000		8600000000	21765886.49	1141713036	4.61752E+11	159583630.7	1403920000	1158421806	114600000	46276750.72
1/1/2012	4860335.196		251736723.4	45000	1027055045	45574890170		575889669.5	1914983997		20856220	2440634975	2656379143	1990180000	46433649.09	10625766977	207775439.4		14119627034	1448880000			1845715377	1053100000	75945646.69	1190775527	1110532147	2582640313	121108395.7		18144730.43	18155587.68		1205516529	25175872809	2416668938		170264684.5	17065623287	367107164.6	210419765.1		4018674668	110209758.8	177953318.8	562342745	3026600549		135966480.4		116712955.8	1409130137	16433903354	33265624.21	23248898.52	1273574159	4262100000	214841268.6	56450222941	70044075814	37481924523	1.46735E+11	2476225962	19236400000	76023927950		2084325856	460842571.8	624360669.9	1.05448E+11	20743222618	866284168	190607763.8	22674444518		20803305.73		4944716073	1770115175	2155495000	66300000	140991051.9	45635184.42		681226748.1	29294352.96		5030649507		469258405.5	1.34915E+11	366815267.3	2920369783	16028303160	2084792541	1612326050	3529872875	7212196578		68820517838		700386059.6		271000000	157092384.9	684900000	9169473908	2166883118	3489577465	2539577665	178137977	1211021406	2031374213	172106023.6	16905072.97	51049481.11	6571000000	1059029272	2613869.436	59534944645	58516879.41	6671241574	515790000		29789458.89	60910380716	31337511867	12069301761		5999552324	2.27597E+11	3.37541E+11	554568272.3	1507646705	1673186555	1499129508	46907064.12		6507905288		1986440000	396720889	3147415.886	45753300660	23365990957	23236798.2	3.25472E+11	394153574	827464340.9	199563492.8	274616061.7	43777994891	332611101.4	320359550.8		174107424.2		861942.5999	28303380.41	1293805738	8699292055	13489397.9	497900869.1	151843055	20542959359	1016300000	1640722992	16280896852	766529947	4793440977	461782564.2	1.18634E+11	1.43153E+11	39011703.51	1624234528	14007000000	410900000	2787954663	24609679613	2360256.649	14253844.78	6989000000			461353964.7	634100000	595824933.2	669234468.8	803296703.3	3674000000	5787735722	182405277.3	1.08013E+11	245920000	595843243.8			20723053.99	60988977.74	3910251398			3548636717	32282682015		32300351085	5246660010	6358889.79	8057490.75	1927879306	644699167.3	4069950425	31313373.86	55664804.47	17669070.06				344760322.5	4713380624	3625512075		119859807.8	117621018.4		2265714118	1153000000	3835897.958	390138888.1	913264190.7	8449000000	97874166155	121776000	6303000000		31109081.11	118000000			22036537.53	1737049553	4.72456E+11	177695228	3351000000	1084534306	12199487.8	72864000
1/1/2013	6368715.084		313756248.1		1093922787	45325474207		534766019.9	2192193827		21127350.74	2460025874	3261615417	1733168000	48639473.9	11234148999	248729820.8		13866954019	1666960000			1946641082	1213500000	74401710.37	1224886398	1201339479	2537114311	108317190.3		11804283.71	36036825.02		1199321836	28088735358	2437906824		136789078.1	17790105219	384669276.4	244059167		4449831680		175965459.1	596399211	2877381939		133055865.9		273619462.4	1737884337	16989408321	35645759.36	23551134.07	1217069021	4485500000	209601443.4	62020936272	75415240820	40954390065	1.59425E+11	2458803089	17833100000	82110563639		3018752670	567629079.2		1.13689E+11	23175645521	973243372.2	203578810.4	24406333512		22046599.48		4804502413	1945284852	890730000	93010000		63787684.42		804752094.2	29645885.19		5379066800		328152658.5	1.44218E+11	360237541.4	3098239342	14459063521	2174296548	1780995274	4592395403	7614419340		69970360847		718459819			188541135.6	764700000	9327570310	2171887541	3642676056	2363853398	206962689.4	1304277242	2277998114	175950000	17202103.98	51570135.93	6455400000	1121797308	4224467.043	60951306018	59626040.31	8084932287	383412500		30146932.59	62258595860	32518018406	12295371249		6422186627	2.34486E+11	3.48997E+11	462918822.8	2060015202	1838336783	1604500701	48659083.05		6881699960		2191700000	427480935.4	3304786.681	45671534351	23432844108	24555434.91	3.36701E+11	376068216.9	894509061	200868947.5	1643883378	43819560296	423399012	255732281.4		152410998.7		552880.1027	34132186.2	1423370252	9181208234	11479309.33	557503407.8	145870768.6	20797132347	1081300000	1618612094	18014563608	791457692	5588903439	459239108.4	1.26204E+11	1.50772E+11	39011703.51	1327987337	14629000000	451900000	2707246390	26716840269	2359934.249	13856030.94	7400000000			446485420.7	623280000	603726665.7	689386135.9	574395604.4	3518842652	6750810396	123098879.3	1.10806E+11	268773333.3	619508803.4			20640175.11	67618450.42	3971079071			4025182959	30444300875		30457174787	4809095942	26566722.92	6993693.279	2071747804	694463631.6	4466068101	30002132.22	72547486.03	12873912.51				397359048.9	5689777048	4218768565		33649746.71	120993150.9		2290512364	1135000000	4056908.045	381930784.2	940664379.3	9667000000	1.02215E+11	122748000	6757000000		31587707.41	120000000			23710130.91	1498892425	4.93215E+11	164583417.7	3342500000	970655337.2	33111316.85	53980262.06
1/1/2014	7262569.832		268060745.2		1141665182	40212768171		502077244.4	2078618315			2332173408	3315217869	1846424000		11452621808			14982837635	1684200000			2086007002	1231300000	80334417.62	1290046674	1183636844	2645117591			13828213.12			1183943323	28755395053	2349310421		136351353	29910500593				4165731073		190644996.2	593925384.4	2687611345		143273743		259621183.7	1892879190	17629122986			1376648151	4810400000	304151072	78111914143	91493142585	38012508147	1.60665E+11	2472449389	19570400000	84907553885		3119047271	543741752		1.16822E+11	22751936292	973679982.7		25194757667				4922776465	1986474924	2007831480					734711614.7			5836627286		329658104.9	1.4827E+11	371933202.8	3369514367	13046646343	2148831146	1977033926	4656215657	8551164469		70388642797		719276879.4			205685570.6	858900000	9981867201	2268785014	3737183099	3733454988	228533438.2	1440846022	2242827292	376750841.7	15987395.35		6481400000	1192347306	3839651.523	63485587522		7404023333	495200000			64458703750	33096524854	10570525751		7036326551	2.37255E+11	3.62603E+11	380200830.7	2112631128	1783869017	1774393747					2083610000		3470026.015	40761282900	24462290757	26081549.3	3.52032E+11	366518601		196171550.7	3102819757	38895373621	431270097.3	255121827		155464965.9		837409.8579	38487244.44	1573465082	9381989997	10192854.63			20829173623	1140200000	1540486763	17592836228	760624636.9	5769654336	462266842.2	1.30677E+11	1.56267E+11	39011703.51	1140518697	17066000000	760300000	2638979869	28403489247	2218252.449	10441275.95	7409000000			424084987.1	506640000	229249550.5		498626373.6	3381251955	7776533918	128172555.8	1.15529E+11	269360000	506556821.9			16335086.98	62430111.56	4235129689			3695920470	28568336648		28583407721	4057379593	26827848.81	8833808.604	2394962301	757288177.1	4442308851	24495451.62	62117318.44	15071073.1					5655231605	3853539565		43679895.14			2346621114	1128000000		389485169	887407496.3	7354000000	1.14777E+11	122034000	6908000000						28125315.44	2182495003	5.10872E+11	140501951	3350500000	913403103.7	22378359.1	58300302.43
